index,minTemp,maxTemp,Eto_values,DayPrecip,WindSpd,DaySolRad,rain,type,stage
2007-01-01,31.0,60.9,0.04,0.0,2.3,187.0,0.56,1,
2007-01-02,37.0,58.4,0.04,0.0,2.4,143.0,0.56,1,
2007-01-03,33.0,58.3,0.0,0.1,4.9,39.0,0.56,1,
2007-01-04,37.6,56.8,0.03,0.03,5.9,92.0,0.56,1,
2007-01-05,32.7,60.0,0.06,0.0,3.2,145.0,0.56,1,
2007-01-06,28.9,59.8,0.04,0.0,2.5,127.0,0.56,1,
2007-01-07,30.7,61.0,0.04,0.0,2.5,136.0,0.56,1,
2007-01-08,34.0,61.1,0.04,0.0,2.3,111.0,0.56,1,
2007-01-09,30.5,63.2,0.05,0.0,2.4,221.0,0.56,1,
2007-01-10,30.8,56.1,0.04,0.0,3.9,171.0,0.56,1,
2007-01-11,24.9,53.8,0.05,0.0,2.8,242.0,0.56,1,
2007-01-12,24.7,48.3,0.07,0.0,3.8,248.0,0.56,1,
2007-01-13,24.2,50.5,0.07,0.0,3.4,247.0,0.56,1,
2007-01-14,21.4,53.3,0.05,0.0,2.7,243.0,0.56,1,
2007-01-15,22.0,52.5,0.06,0.0,2.6,246.0,0.56,1,
2007-01-16,21.4,51.7,0.05,0.0,2.6,219.0,0.56,1,
2007-01-17,27.3,58.7,0.06,0.0,3.2,245.0,0.56,1,
2007-01-18,24.7,60.0,0.06,0.0,2.5,235.0,0.56,1,
2007-01-19,27.5,56.9,0.05,0.0,2.6,224.0,0.56,1,
2007-01-20,27.8,61.4,0.05,0.01,2.5,226.0,0.56,1,
2007-01-21,38.6,68.6,0.11,0.0,3.7,259.0,0.56,1,
2007-01-22,29.3,61.0,0.07,0.0,2.8,257.0,0.56,1,
2007-01-23,25.7,61.6,0.06,0.0,2.6,250.0,0.56,1,
2007-01-24,26.0,63.5,0.07,0.0,2.8,257.0,0.56,1,
2007-01-25,29.1,54.2,0.04,0.0,2.4,208.0,0.56,1,
2007-01-26,33.1,50.9,0.02,0.1,2.3,117.0,0.56,1,
2007-01-27,37.8,56.8,0.03,0.17,2.6,150.0,0.56,1,
2007-01-28,35.8,58.1,0.04,0.01,2.9,171.0,0.56,1,
2007-01-29,35.8,64.0,0.06,0.01,2.7,241.0,0.56,1,
2007-01-30,31.0,59.5,0.05,0.0,3.8,236.0,0.56,1,
2007-01-31,38.4,57.9,0.05,0.0,3.8,220.0,0.56,1,
2007-02-01,30.5,52.3,0.03,0.0,2.0,130.0,8.49,1,
2007-02-02,33.8,56.2,0.06,0.0,3.5,285.0,8.49,1,
2007-02-03,29.7,61.2,0.06,0.01,3.0,259.0,8.49,1,
2007-02-04,33.4,66.9,0.08,0.0,3.3,252.0,8.49,1,
2007-02-05,34.2,66.6,0.07,0.0,3.0,219.0,8.49,1,
2007-02-05,34.2,66.6,0.07,0.0,3.0,219.0,8.49,1,
2007-02-05,34.2,66.6,0.07,0.0,3.0,219.0,8.49,1,
2007-02-05,34.2,66.6,0.07,0.0,3.0,219.0,8.49,1,
2007-02-05,34.2,66.6,0.07,0.0,3.0,219.0,8.49,1,
2007-02-05,34.2,66.6,0.07,0.0,3.0,219.0,8.49,1,
2007-02-05,34.2,66.6,0.07,0.0,3.0,219.0,8.49,1,
2007-02-05,34.2,66.6,0.07,0.0,3.0,219.0,8.49,1,
2007-02-05,34.2,66.6,0.07,0.0,3.0,219.0,8.49,1,
2007-02-14,34.8,63.3,0.02,0.0,2.7,311.0,8.49,1,
2007-02-15,44.4,70.2,0.02,0.0,2.9,137.0,8.49,1,
2007-02-16,36.9,78.5,0.09,0.0,2.4,333.0,8.49,1,
2007-02-17,46.9,74.7,0.12,0.0,4.3,337.0,8.49,1,
2007-02-18,37.4,65.1,0.09,0.0,3.6,349.0,8.49,1,
2007-02-19,37.4,65.9,0.11,0.0,4.9,360.0,8.49,1,
2007-02-20,35.5,60.2,0.07,0.0,3.8,278.0,8.49,1,
2007-02-21,45.8,59.1,0.05,0.0,6.9,158.0,8.49,1,
2007-02-22,35.1,55.0,0.05,0.57,6.1,208.0,8.49,1,
2007-02-23,31.9,56.1,0.09,0.0,4.1,368.0,8.49,1,
2007-02-24,38.8,55.1,0.03,0.27,6.6,130.0,8.49,1,
2007-02-25,43.2,56.1,0.04,0.02,5.6,154.0,8.49,1,
2007-02-26,38.3,53.4,0.03,0.34,4.7,131.0,8.49,1,
2007-02-27,31.6,53.3,0.04,0.19,4.2,235.0,8.49,1,
2007-02-28,29.8,53.7,0.07,0.0,3.8,348.0,8.49,1,
2007-03-01,32.0,55.7,0.05,0.0,3.2,227.0,0.85,1,
2007-03-02,32.1,63.6,0.09,0.0,3.4,395.0,0.85,1,
2007-03-03,35.4,66.6,0.11,0.0,3.9,379.0,0.85,1,
2007-03-04,41.5,69.7,0.08,0.01,2.6,286.0,0.85,1,
2007-03-05,41.8,71.8,0.11,0.0,2.6,366.0,0.85,1,
2007-03-06,36.3,72.1,0.11,0.0,2.8,389.0,0.85,1,
2007-03-07,45.3,61.0,0.07,0.0,4.1,277.0,0.85,1,
2007-03-08,36.5,62.4,0.09,0.0,3.8,389.0,0.85,1,
2007-03-09,39.8,62.1,0.08,0.0,3.8,308.0,0.85,1,
2007-03-10,38.4,71.3,0.1,0.0,2.9,394.0,0.85,1,
2007-03-11,42.4,78.3,0.13,0.0,2.5,425.0,0.85,1,
2007-03-12,46.4,79.2,0.13,0.0,2.5,415.0,0.85,1,
2007-03-13,46.3,78.5,0.13,0.0,2.8,432.0,0.85,1,
2007-03-14,40.1,69.9,0.11,0.0,3.4,412.0,0.85,1,
2007-03-15,40.7,78.8,0.13,0.0,2.6,450.0,0.85,1,
2007-03-16,41.6,81.2,0.14,0.0,2.6,450.0,0.85,1,
2007-03-17,41.7,68.2,0.1,0.01,3.3,424.0,0.85,1,
2007-03-18,41.9,68.1,0.11,0.01,3.5,411.0,0.85,1,
2007-03-19,40.7,66.3,0.1,0.02,4.1,409.0,0.85,1,
2007-03-20,45.1,65.4,0.07,0.0,4.6,274.0,0.85,1,
2007-03-21,39.2,72.3,0.15,0.0,3.3,475.0,0.85,1,
2007-03-22,41.2,72.9,0.15,0.0,3.9,464.0,0.85,1,
2007-03-23,37.4,76.1,0.14,0.0,3.4,472.0,0.85,1,
2007-03-24,43.3,63.8,0.1,0.0,5.9,457.0,0.85,1,
2007-03-25,50.2,64.4,0.1,0.0,7.0,402.0,0.85,1,
2007-03-26,42.0,57.7,0.03,0.18,6.1,150.0,0.85,1,
2007-03-27,36.4,61.7,0.13,0.0,5.9,479.0,0.85,1,
2007-03-28,32.6,72.1,0.16,0.0,3.3,518.0,0.85,1,
2007-03-29,34.1,74.0,0.16,0.0,4.0,507.0,0.85,1,
2007-03-30,32.0,73.8,0.14,0.0,3.3,382.0,0.85,1,
2007-03-31,37.7,73.0,0.14,0.0,4.1,498.0,0.85,1,
2007-04-01,38.5,67.8,0.13,0.0,4.8,478.0,1.31,1,
2007-04-02,38.4,72.1,0.14,0.0,3.1,505.0,1.31,1,
2007-04-03,38.1,73.3,0.15,0.0,3.5,519.0,1.31,1,0.0
2007-04-04,41.0,73.9,0.13,0.0,3.2,436.0,1.31,1,0.0
2007-04-05,43.6,73.7,0.14,0.0,3.5,477.0,1.31,1,0.0
2007-04-06,46.5,67.8,0.11,0.0,5.8,447.0,1.31,1,0.0
2007-04-07,47.8,66.4,0.07,0.02,4.5,270.0,1.31,1,0.0
2007-04-08,45.6,69.7,0.15,0.0,5.7,521.0,1.31,1,0.0
2007-04-09,47.5,67.0,0.15,0.0,5.6,545.0,1.31,1,0.0
2007-04-10,36.3,71.5,0.16,0.0,4.0,542.0,1.31,1,0.0
2007-04-11,46.0,61.9,0.1,0.18,5.3,390.0,1.31,1,0.0
2007-04-12,40.3,65.6,0.16,0.01,4.9,565.0,1.31,1,0.0
2007-04-13,37.0,70.4,0.15,0.0,4.9,533.0,1.31,1,0.0
2007-04-14,43.7,61.4,0.06,0.14,4.4,231.0,1.31,1,0.0
2007-04-15,34.9,74.6,0.17,0.0,3.3,565.0,1.31,1,0.0
2007-04-16,43.0,76.8,0.2,0.0,4.3,577.0,1.31,1,0.0
2007-04-17,38.6,62.1,0.15,0.0,7.4,581.0,1.31,1,0.0
2007-04-18,35.4,62.0,0.15,0.0,4.9,585.0,1.31,1,0.0
2007-04-18,35.4,62.0,0.15,0.0,4.9,585.0,1.31,1,0.0
2007-04-18,35.4,62.0,0.15,0.0,4.9,585.0,1.31,1,0.0
2007-04-18,35.4,62.0,0.15,0.0,4.9,585.0,1.31,1,0.0
2007-04-18,35.4,62.0,0.15,0.0,4.9,585.0,1.31,1,0.0
2007-04-18,35.4,62.0,0.15,0.0,4.9,585.0,1.31,1,0.0
2007-04-24,44.2,71.7,0.09,0.0,3.8,493.0,1.31,1,0.0
2007-04-25,38.5,67.9,0.14,0.0,4.6,516.0,1.31,1,0.0
2007-04-26,39.1,76.4,0.18,0.0,3.4,627.0,1.31,1,0.0
2007-04-26,39.1,76.4,0.18,0.0,3.4,627.0,1.31,1,0.0
2007-04-26,39.1,76.4,0.18,0.0,3.4,627.0,1.31,1,0.0
2007-04-26,39.1,76.4,0.18,0.0,3.4,627.0,1.31,1,0.0
2007-04-26,39.1,76.4,0.18,0.0,3.4,627.0,1.31,1,0.0
2007-04-26,39.1,76.4,0.18,0.0,3.4,627.0,0.43,1,0.0
2007-04-26,39.1,76.4,0.18,0.0,3.4,627.0,0.43,1,0.0
2007-04-26,39.1,76.4,0.18,0.0,3.4,627.0,0.43,1,0.0
2007-05-04,32.0,65.0,0.11,0.0,4.5,549.0,0.43,1,0.0
2007-05-05,38.9,75.8,0.21,0.0,3.4,674.0,0.43,1,0.0
2007-05-06,50.8,88.5,0.26,0.0,3.8,678.0,0.43,1,0.0
2007-05-07,55.5,90.2,0.26,0.0,4.1,667.0,0.43,1,0.0
2007-05-08,50.2,87.3,0.24,0.0,3.9,672.0,0.43,1,0.0
2007-05-09,43.8,74.3,0.18,0.0,4.4,673.0,0.43,1,0.0
2007-05-10,43.5,71.5,0.15,0.0,4.7,552.0,0.43,1,0.0
2007-05-11,41.4,68.1,0.14,0.0,5.2,555.0,0.43,1,0.0
2007-05-12,39.1,65.2,0.17,0.0,5.3,660.0,0.43,1,0.0
2007-05-13,39.8,77.9,0.2,0.0,3.9,669.0,0.43,1,0.0
2007-05-14,40.7,69.4,0.17,0.0,4.3,674.0,0.43,1,0.0
2007-05-15,39.6,68.3,0.15,0.0,4.6,579.0,0.43,1,0.0
2007-05-16,42.2,74.0,0.18,0.0,5.2,636.0,0.43,1,0.0
2007-05-17,45.4,72.1,0.19,0.0,5.1,661.0,0.43,1,0.0
2007-05-18,40.6,72.2,0.19,0.0,5.3,641.0,0.43,1,0.0
2007-05-19,43.5,76.5,0.2,0.0,4.4,665.0,0.43,1,0.0
2007-05-20,47.8,76.4,0.22,0.0,6.2,657.0,0.43,1,1.0
2007-05-21,42.7,82.8,0.24,0.0,3.8,704.0,0.43,1,1.0
2007-05-22,41.4,83.1,0.25,0.0,3.7,706.0,0.43,1,1.0
2007-05-23,48.2,88.1,0.26,0.0,3.4,693.0,0.43,1,1.0
2007-05-24,44.9,78.5,0.21,0.0,4.0,680.0,0.43,1,1.0
2007-05-25,43.8,70.4,0.14,0.0,4.0,547.0,0.43,1,1.0
2007-05-26,46.3,68.5,0.14,0.0,4.2,559.0,0.43,1,1.0
2007-05-27,49.7,64.7,0.14,0.0,6.4,581.0,0.43,1,1.0
2007-05-28,47.0,78.9,0.19,0.0,4.4,675.0,0.43,1,1.0
2007-05-29,48.0,70.7,0.17,0.0,6.1,635.0,0.43,1,1.0
2007-05-30,51.8,68.0,0.14,0.0,6.4,538.0,0.43,1,1.0
2007-05-31,51.6,68.1,0.15,0.0,6.6,552.0,0.43,1,1.0
2007-06-01,50.8,68.8,0.14,0.0,5.7,533.0,0.03,1,1.0
2007-06-02,50.8,70.0,0.15,0.0,5.3,585.0,0.03,1,1.0
2007-06-03,50.7,74.0,0.17,0.0,6.1,590.0,0.03,1,1.0
2007-06-04,56.4,75.5,0.17,0.0,6.6,564.0,0.03,1,1.0
2007-06-05,50.7,70.9,0.19,0.0,7.8,617.0,0.03,1,1.0
2007-06-06,46.1,72.6,0.2,0.0,4.8,666.0,0.03,1,1.0
2007-06-07,40.0,78.0,0.23,0.0,4.5,727.0,0.03,1,1.0
2007-06-08,42.6,73.5,0.18,0.0,4.5,638.0,0.03,1,1.0
2007-06-09,42.7,80.9,0.21,0.0,3.8,679.0,0.03,1,1.0
2007-06-10,48.3,79.5,0.22,0.0,4.4,661.0,0.03,1,1.0
2007-06-11,46.0,80.9,0.23,0.0,4.2,706.0,0.03,1,1.0
2007-06-12,44.4,85.4,0.24,0.0,4.5,703.0,0.03,1,1.0
2007-06-13,50.2,95.4,0.26,0.0,3.9,704.0,0.03,1,1.0
2007-06-14,54.0,98.0,0.27,0.0,3.6,714.0,0.03,1,1.0
2007-06-15,49.8,82.7,0.24,0.0,7.2,915.0,0.03,1,1.0
2007-06-16,49.6,67.7,0.16,0.0,6.9,629.0,0.03,1,1.0
2007-06-17,46.8,84.4,0.22,0.0,4.1,694.0,0.03,1,1.0
2007-06-18,48.2,83.5,0.22,0.0,4.5,705.0,0.03,1,1.0
2007-06-19,48.1,72.9,0.2,0.0,6.2,705.0,0.03,1,1.0
2007-06-20,46.6,74.7,0.19,0.0,5.3,659.0,0.03,1,1.0
2007-06-21,43.8,85.0,0.23,0.0,4.3,714.0,0.03,1,1.0
2007-06-22,43.0,85.9,0.24,0.0,4.7,711.0,0.03,1,1.0
2007-06-23,43.0,83.3,0.25,0.0,4.3,723.0,0.03,1,1.0
2007-06-24,43.8,79.6,0.24,0.0,4.1,716.0,0.03,1,1.0
2007-06-25,43.4,90.5,0.26,0.0,4.4,709.0,0.03,1,1.0
2007-06-26,46.2,72.2,0.2,0.0,6.0,703.0,0.03,1,1.0
2007-06-27,46.0,77.7,0.22,0.0,5.2,705.0,0.03,1,1.0
2007-06-28,52.4,76.6,0.21,0.0,6.7,689.0,0.03,1,1.0
2007-06-29,50.4,77.5,0.22,0.0,5.6,679.0,0.03,1,1.0
2007-06-30,42.2,76.5,0.22,0.0,4.5,716.0,0.03,1,1.0
2007-07-01,41.3,80.9,0.23,0.0,4.4,714.0,0.02,1,1.0
2007-07-02,44.0,87.1,0.25,0.0,4.7,703.0,0.02,1,1.0
2007-07-03,50.2,81.3,0.22,0.0,4.8,701.0,0.02,1,1.0
2007-07-04,51.0,94.2,0.25,0.0,3.9,705.0,0.02,1,1.0
2007-07-05,54.2,88.8,0.24,0.0,3.9,687.0,0.02,1,1.0
2007-07-06,51.8,77.3,0.2,0.0,5.5,680.0,0.02,1,1.0
2007-07-07,54.8,69.8,0.14,0.0,7.3,520.0,0.02,1,1.0
2007-07-08,54.2,75.6,0.19,0.0,5.6,647.0,0.02,1,1.0
2007-07-09,54.3,73.0,0.18,0.0,6.4,650.0,0.02,1,1.0
2007-07-10,52.5,75.5,0.16,0.0,6.3,531.0,0.02,1,1.0
2007-07-11,53.7,75.5,0.16,0.0,4.8,495.0,0.02,1,1.0
2007-07-12,48.4,80.0,0.23,0.0,5.0,708.0,0.02,1,1.0
2007-07-13,48.0,85.9,0.23,0.0,5.2,695.0,0.02,1,1.0
2007-07-14,49.9,82.0,0.21,0.0,5.1,675.0,0.02,1,1.0
2007-07-15,49.1,86.1,0.24,0.0,4.9,690.0,0.02,1,1.0
2007-07-16,47.2,77.3,0.21,0.0,5.9,695.0,0.02,1,2.0
2007-07-17,52.8,80.6,0.21,0.0,6.3,655.0,0.02,1,2.0
2007-07-18,56.8,78.3,0.2,0.0,5.7,624.0,0.02,1,2.0
2007-07-19,49.5,83.9,0.23,0.0,4.7,690.0,0.02,1,2.0
2007-07-20,48.4,80.7,0.22,0.0,5.9,669.0,0.02,1,2.0
2007-07-21,55.7,83.5,0.22,0.0,5.9,667.0,0.02,1,2.0
2007-07-22,53.5,86.6,0.22,0.0,4.1,665.0,0.02,1,2.0
2007-07-23,53.9,85.9,0.22,0.0,4.9,658.0,0.02,1,2.0
2007-07-24,52.5,77.0,0.18,0.0,5.0,608.0,0.02,1,2.0
2007-07-24,52.5,77.0,0.18,0.0,5.0,608.0,0.02,1,2.0
2007-07-26,55.4,74.7,0.15,0.0,5.2,538.0,0.02,1,2.0
2007-07-27,55.9,81.8,0.18,0.0,4.9,589.0,0.02,1,2.0
2007-07-28,50.2,80.3,0.19,0.0,5.0,624.0,0.02,1,2.0
2007-07-29,50.3,74.8,0.18,0.0,6.1,599.0,0.02,1,2.0
2007-07-30,54.5,80.6,0.18,0.0,5.0,592.0,0.02,1,2.0
2007-07-31,47.2,72.4,0.16,0.0,4.7,614.0,0.02,1,2.0
2007-08-01,46.0,77.5,0.17,0.0,4.9,591.0,0.0,1,2.0
2007-08-02,52.5,82.9,0.19,0.0,6.0,587.0,0.0,1,2.0
2007-08-03,51.2,78.7,0.17,0.0,4.5,593.0,0.0,1,2.0
2007-08-04,44.9,81.9,0.21,0.0,4.9,665.0,0.0,1,2.0
2007-08-05,46.3,68.1,0.11,0.0,6.2,392.0,0.0,1,2.0
2007-08-06,56.4,69.4,0.08,0.0,5.5,371.0,0.0,1,2.0
2007-08-07,48.8,75.6,0.16,0.0,4.4,535.0,0.0,1,2.0
2007-08-08,47.3,72.5,0.14,0.0,4.8,510.0,0.0,1,2.0
2007-08-09,49.7,79.3,0.15,0.0,4.4,522.0,0.0,1,2.0
2007-08-10,47.4,81.8,0.2,0.0,4.1,648.0,0.0,1,2.0
2007-08-11,43.2,78.3,0.19,0.0,4.8,653.0,0.0,1,2.0
2007-08-12,43.2,80.0,0.18,0.0,4.2,584.0,0.0,1,2.0
2007-08-13,43.0,81.2,0.21,0.0,4.1,640.0,0.0,1,2.0
2007-08-14,43.5,84.7,0.2,0.0,3.7,642.0,0.0,1,2.0
2007-08-15,46.5,83.1,0.22,0.0,4.9,636.0,0.0,1,2.0
2007-08-16,48.7,83.7,0.22,0.0,4.7,631.0,0.0,1,2.0
2007-08-17,45.1,88.4,0.23,0.0,4.4,631.0,0.0,1,2.0
2007-08-18,51.9,82.0,0.21,0.0,5.1,610.0,0.0,1,2.0
2007-08-19,54.0,83.5,0.2,0.0,5.5,554.0,0.0,1,2.0
2007-08-20,53.3,86.8,0.19,0.0,3.7,555.0,0.0,1,2.0
2007-08-21,53.5,89.9,0.21,0.0,5.0,587.0,0.0,1,2.0
2007-08-22,55.8,84.7,0.19,0.0,4.6,574.0,0.0,1,2.0
2007-08-23,53.0,76.5,0.17,0.0,5.4,565.0,0.0,1,3.0
2007-08-24,54.4,75.8,0.17,0.0,5.7,558.0,0.0,1,
2007-08-25,55.5,80.8,0.18,0.0,6.0,537.0,0.0,1,
2007-08-26,52.7,75.0,0.14,0.0,5.5,487.0,0.0,1,
2007-08-27,46.5,81.8,0.17,0.0,3.4,528.0,0.0,1,
2007-08-28,49.6,93.5,0.22,0.0,3.7,549.0,0.0,1,
2007-08-28,49.6,93.5,0.22,0.0,3.7,549.0,0.0,1,
2007-08-30,57.1,94.9,0.22,0.0,3.4,536.0,0.0,1,
2007-08-31,54.2,89.6,0.19,0.0,3.7,519.0,0.0,1,
2007-09-01,50.7,94.3,0.22,0.0,3.6,572.0,0.64,1,
2007-09-02,46.6,91.7,0.21,0.0,3.5,562.0,0.64,1,
2007-09-03,49.8,89.3,0.2,0.0,4.5,557.0,0.64,1,
2007-09-04,55.1,81.6,0.18,0.0,4.8,532.0,0.64,1,
2007-09-05,48.6,90.4,0.2,0.0,3.6,515.0,0.64,1,
2007-09-06,54.1,81.2,0.16,0.0,4.7,460.0,0.64,1,
2007-09-07,58.0,76.6,0.13,0.0,5.1,389.0,0.64,1,
2007-09-08,51.7,78.8,0.13,0.0,4.5,405.0,0.64,1,
2007-09-09,56.1,74.4,0.12,0.0,6.0,390.0,0.64,1,
2007-09-10,55.8,81.0,0.16,0.0,5.6,482.0,0.64,1,
2007-09-11,32.0,78.9,0.15,0.0,6.3,621.0,0.64,1,
2007-09-12,58.2,71.6,0.1,0.0,6.2,334.0,0.64,1,
2007-09-13,55.0,76.7,0.15,0.0,5.4,457.0,0.64,1,
2007-09-14,48.7,77.5,0.14,0.0,3.6,425.0,0.64,1,
2007-09-15,48.1,74.5,0.15,0.0,4.7,489.0,0.64,1,
2007-09-16,46.0,75.6,0.14,0.0,3.5,465.0,0.64,1,
2007-09-17,43.2,77.4,0.15,0.0,3.8,481.0,0.64,1,
2007-09-18,44.2,72.0,0.14,0.0,4.2,468.0,0.64,1,
2007-09-19,44.4,72.9,0.16,0.0,5.6,489.0,0.64,1,
2007-09-20,32.0,71.0,0.07,0.0,3.2,40.0,0.64,1,
2007-09-21,44.9,80.0,0.16,0.0,4.5,471.0,0.64,1,
2007-09-22,52.7,64.6,0.04,0.03,2.7,139.0,0.64,1,
2007-09-23,47.7,69.9,0.08,0.0,3.3,265.0,0.64,1,
2007-09-24,40.2,80.3,0.15,0.0,3.0,463.0,0.64,1,
2007-09-25,38.6,84.3,0.17,0.0,2.8,461.0,0.64,1,
2007-09-26,42.8,89.0,0.18,0.0,2.7,460.0,0.64,1,
2007-09-27,43.4,80.6,0.16,0.0,4.3,443.0,0.64,1,
2007-09-28,43.9,70.2,0.07,0.0,4.6,219.0,0.64,1,
2007-09-29,35.5,74.3,0.15,0.0,3.0,452.0,0.64,1,
2007-09-30,36.4,77.1,0.15,0.0,4.3,443.0,0.64,1,
2007-10-01,45.2,75.1,0.12,0.0,3.5,375.0,2.7,1,
2007-10-02,32.0,84.7,0.15,0.0,3.7,315.0,2.7,1,
2007-10-03,39.7,78.8,0.14,0.0,4.0,425.0,2.7,1,
2007-10-04,36.5,69.0,0.13,0.0,4.9,424.0,2.7,1,
2007-10-05,36.0,67.4,0.1,0.01,2.7,350.0,2.7,1,
2007-10-06,34.2,75.2,0.14,0.0,3.0,420.0,2.7,1,
2007-10-07,36.4,76.9,0.14,0.0,3.3,410.0,2.7,1,
2007-10-08,38.2,80.9,0.14,0.0,2.7,406.0,2.7,1,
2007-10-09,40.0,64.8,0.06,0.6,5.1,180.0,2.7,1,
2007-10-10,46.5,69.3,0.1,0.08,3.2,368.0,2.7,1,
2007-10-11,42.1,70.2,0.09,0.0,2.6,305.0,2.7,1,
2007-10-12,49.9,59.3,0.01,0.62,3.0,81.0,2.7,1,
2007-10-13,42.4,72.4,0.11,0.0,2.9,389.0,2.7,1,
2007-10-14,41.6,70.7,0.08,0.0,2.7,296.0,2.7,1,
2007-10-15,49.9,65.5,0.05,0.01,3.9,164.0,2.7,1,
2007-10-16,43.2,61.3,0.02,0.17,4.0,105.0,2.7,1,
2007-10-17,43.0,68.2,0.08,0.04,2.8,297.0,2.7,1,
2007-10-18,46.4,69.4,0.09,0.0,3.7,292.0,2.7,1,
2007-10-19,53.0,71.8,0.05,0.0,6.6,183.0,2.7,1,
2007-10-20,43.5,69.3,0.1,0.0,3.0,352.0,2.7,1,
2007-10-21,39.5,78.8,0.13,0.0,3.0,367.0,2.7,1,
2007-10-22,40.9,80.2,0.13,0.0,3.0,358.0,2.7,1,
2007-10-23,40.8,85.6,0.12,0.0,2.2,355.0,2.7,1,
2007-10-24,43.2,84.8,0.11,0.0,1.9,350.0,2.7,1,
2007-10-25,42.0,71.9,0.09,0.0,2.9,323.0,2.7,1,
2007-10-26,44.7,65.5,0.08,0.0,3.1,299.0,2.7,1,
2007-10-27,41.5,71.0,0.08,0.0,2.6,269.0,2.7,1,
2007-10-28,43.8,79.6,0.09,0.0,1.8,308.0,2.7,1,
2007-10-29,45.5,66.7,0.07,0.54,3.8,274.0,2.7,1,
2007-10-30,42.8,63.0,0.04,0.18,3.4,143.0,2.7,1,
2007-10-31,50.0,64.1,0.04,0.03,2.4,166.0,2.7,1,
2007-11-01,32.0,68.5,0.05,0.37,2.4,325.0,2.34,1,
2007-11-02,36.4,77.8,0.09,0.0,1.9,309.0,2.34,1,
2007-11-03,36.2,78.0,0.1,0.0,2.0,313.0,2.34,1,
2007-11-04,35.3,79.2,0.09,0.0,1.7,283.0,2.34,1,
2007-11-05,36.8,70.6,0.09,0.0,2.7,294.0,2.34,1,
2007-11-06,32.0,64.4,0.05,0.0,2.1,104.0,2.34,1,
2007-11-07,36.9,63.8,0.05,0.0,2.7,222.0,2.34,1,
2007-11-08,50.1,59.0,0.02,0.0,2.6,71.0,2.34,1,
2007-11-09,41.0,67.5,0.06,0.0,2.3,229.0,2.34,1,
2007-11-10,39.2,56.6,0.01,0.66,1.4,58.0,2.34,1,
2007-11-11,37.2,70.7,0.08,0.13,2.4,290.0,2.34,1,
2007-11-12,36.4,68.5,0.06,0.0,2.0,203.0,2.34,1,
2007-11-13,50.7,73.1,0.06,0.0,1.9,241.0,2.34,1,
2007-11-14,43.5,74.4,0.07,0.0,2.0,268.0,2.34,1,
2007-11-15,43.9,73.5,0.07,0.0,2.7,261.0,2.34,1,
2007-11-16,47.6,65.1,0.04,0.0,3.4,170.0,2.34,1,
2007-11-17,48.4,68.4,0.04,0.0,1.7,180.0,2.34,1,
2007-11-18,43.0,66.0,0.03,0.01,2.1,124.0,2.34,1,
2007-11-19,38.2,65.0,0.03,0.01,2.5,141.0,2.34,1,
2007-11-20,31.8,63.1,0.07,0.0,1.8,271.0,2.34,1,
2007-11-21,28.7,64.5,0.07,0.01,2.0,265.0,2.34,1,
2007-11-22,27.4,65.9,0.07,0.0,2.2,265.0,2.34,1,
2007-11-23,28.5,75.3,0.1,0.0,2.8,273.0,2.34,1,
2007-11-24,27.0,62.6,0.06,0.0,2.0,208.0,2.34,1,
2007-11-25,33.6,60.7,0.04,0.0,1.7,137.0,2.34,1,
2007-11-26,29.4,65.2,0.05,0.0,1.6,209.0,2.34,1,
2007-11-27,33.8,68.8,0.06,0.0,2.3,231.0,2.34,1,
2007-11-28,36.8,66.0,0.07,0.0,2.6,242.0,2.34,1,
2007-11-29,29.1,62.5,0.06,0.0,2.2,235.0,2.34,1,
2007-11-30,26.9,58.4,0.06,0.0,2.4,244.0,2.34,1,
2007-12-01,23.6,56.2,0.06,0.0,2.9,237.0,1.63,1,
2007-12-02,34.9,59.5,0.03,0.01,3.6,84.0,1.63,1,
2007-12-03,52.0,64.4,0.04,0.0,3.4,87.0,1.63,1,
2007-12-04,49.9,57.7,0.01,0.3,2.5,66.0,1.63,1,
2007-12-05,45.5,62.1,0.04,0.01,1.8,174.0,1.63,1,
2007-12-06,45.4,54.1,0.0,0.86,2.5,36.0,1.63,1,
2007-12-07,33.5,59.6,0.06,0.14,3.9,230.0,1.63,1,
2007-12-08,29.5,59.4,0.06,0.0,2.4,229.0,1.63,1,
2007-12-09,28.7,59.1,0.06,0.0,2.5,228.0,1.63,1,
2007-12-10,28.0,56.8,0.06,0.0,3.0,225.0,1.63,1,
2007-12-11,29.4,62.6,0.08,0.0,3.4,222.0,1.63,1,
2007-12-12,27.6,56.3,0.05,0.0,2.1,197.0,1.63,1,
2007-12-13,25.9,54.9,0.05,0.0,2.3,216.0,1.63,1,
2007-12-14,24.6,57.1,0.05,0.0,1.8,209.0,1.63,1,
2007-12-15,30.0,50.9,0.02,0.0,1.8,119.0,1.63,1,
2007-12-16,45.0,56.0,0.04,0.14,4.2,135.0,1.63,1,
2007-12-17,43.7,54.0,0.02,0.27,2.4,90.0,1.63,1,
2007-12-18,42.6,58.6,0.01,0.53,4.2,75.0,1.63,1,
2007-12-19,40.2,55.5,0.03,0.23,3.8,118.0,1.63,1,
2007-12-20,32.9,56.8,0.05,0.46,4.0,208.0,1.63,1,
2007-12-21,29.6,57.1,0.05,0.0,2.5,293.0,1.63,1,
2007-12-22,26.4,51.9,0.03,0.0,1.5,149.0,1.63,1,
2007-12-23,32.1,58.7,0.05,0.0,1.7,208.0,1.63,1,
2007-12-24,35.6,61.5,0.05,0.0,2.9,216.0,1.63,1,
2007-12-25,28.7,56.5,0.06,0.0,3.2,230.0,1.63,1,
2007-12-26,29.0,55.8,0.06,0.0,3.2,227.0,1.63,1,
2007-12-27,25.9,50.3,0.03,0.22,3.1,138.0,1.63,1,
2007-12-28,39.2,43.2,0.01,0.07,5.0,51.0,1.63,1,
2007-12-29,40.8,46.9,0.0,0.08,2.7,41.0,1.63,1,
2007-12-30,31.4,54.1,0.03,0.01,2.1,182.0,1.63,1,
2007-12-31,30.0,59.3,0.06,0.0,4.6,213.0,1.63,1,
2008-01-01,32.4,58.6,0.06,0.0,4.6,196.0,0.56,1,
2008-01-02,30.3,57.7,0.04,0.0,2.4,184.0,0.56,1,
2008-01-03,39.2,54.2,0.0,0.78,3.5,25.0,0.56,1,
2008-01-04,45.6,57.7,0.0,1.67,9.8,13.0,0.56,1,
2008-01-05,37.0,50.8,0.0,0.55,4.1,39.0,0.56,1,
2008-01-06,33.0,50.9,0.02,0.1,1.9,105.0,0.56,1,
2008-01-07,37.2,53.8,0.04,0.02,2.1,214.0,0.56,1,
2008-01-08,38.8,52.3,0.0,0.43,3.2,20.0,0.56,1,
2008-01-09,46.3,49.4,0.0,0.01,1.5,49.0,0.56,1,
2008-01-10,46.3,51.1,0.0,0.2,3.2,51.0,0.56,1,
2008-01-11,47.6,54.1,0.02,0.0,2.6,101.0,0.56,1,
2008-01-12,38.4,58.4,0.04,0.01,2.3,204.0,0.56,1,
2008-01-13,37.3,57.4,0.05,0.0,2.4,227.0,0.56,1,
2008-01-14,33.1,57.1,0.04,0.0,2.0,172.0,0.56,1,
2008-01-15,35.1,55.2,0.03,0.01,1.9,152.0,0.56,1,
2008-01-16,35.3,63.9,0.1,0.0,3.9,241.0,0.56,1,
2008-01-17,34.0,62.9,0.08,0.0,3.6,249.0,0.56,1,
2008-01-18,29.1,60.0,0.06,0.0,2.8,244.0,0.56,1,
2008-01-19,28.7,61.0,0.06,0.0,2.0,243.0,0.56,1,
2008-01-20,31.8,55.2,0.05,0.0,4.5,233.0,0.56,1,
2008-01-21,28.8,45.4,0.01,0.21,2.5,87.0,0.56,1,
2008-01-22,40.9,46.5,0.02,0.06,4.8,86.0,0.56,1,
2008-01-23,39.7,47.5,0.02,0.26,3.3,117.0,0.56,1,
2008-01-24,41.7,45.6,0.01,0.31,4.7,60.0,0.56,1,
2008-01-25,43.3,52.3,0.0,2.23,7.9,15.0,0.56,1,
2008-01-26,51.1,57.9,0.04,0.3,5.8,112.0,0.56,1,
2008-01-27,40.5,55.9,0.02,0.47,7.6,95.0,0.56,1,
2008-01-28,32.2,52.6,0.05,0.05,3.0,260.0,0.56,1,
2008-01-29,30.2,51.4,0.02,0.06,3.8,97.0,0.56,1,
2008-01-30,32.8,54.6,0.05,0.06,2.5,247.0,0.56,1,
2008-01-31,40.8,51.8,0.0,0.56,5.9,40.0,0.56,1,
2008-02-01,31.7,52.2,0.04,0.0,2.5,206.0,8.49,1,
2008-02-02,33.9,53.4,0.0,0.65,6.1,48.0,8.49,1,
2008-02-03,40.9,55.3,0.06,0.02,5.9,250.0,8.49,1,
2008-02-04,29.9,58.7,0.08,0.0,2.6,309.0,8.49,1,
2008-02-05,31.1,59.5,0.07,0.0,3.0,298.0,8.49,1,
2008-02-06,34.7,58.7,0.05,0.0,2.4,216.0,8.49,1,
2008-02-07,33.5,62.6,0.07,0.0,2.7,295.0,8.49,1,
2008-02-08,37.1,64.1,0.06,0.01,2.3,282.0,8.49,1,
2008-02-09,34.0,67.3,0.08,0.0,2.2,305.0,8.49,1,
2008-02-10,37.6,67.4,0.08,0.0,2.1,312.0,8.49,1,
2008-02-11,36.9,67.1,0.07,0.0,2.1,285.0,8.49,1,
2008-02-12,36.5,70.1,0.09,0.0,2.3,319.0,8.49,1,
2008-02-13,42.1,67.6,0.1,0.0,2.9,310.0,8.49,1,
2008-02-14,38.9,65.6,0.1,0.0,2.9,344.0,8.49,1,
2008-02-15,31.7,62.8,0.08,0.0,3.4,331.0,8.49,1,
2008-02-16,33.3,63.5,0.07,0.0,2.3,270.0,8.49,1,
2008-02-17,33.9,58.0,0.05,0.0,2.5,220.0,8.49,1,
2008-02-18,45.0,57.6,0.06,0.0,3.3,235.0,8.49,1,
2008-02-19,46.1,52.9,0.01,0.2,2.5,78.0,8.49,1,
2008-02-20,40.2,60.8,0.07,0.0,2.3,297.0,8.49,1,
2008-02-21,42.3,53.0,0.02,0.14,3.8,86.0,8.49,1,
2008-02-22,36.7,58.5,0.05,0.14,2.7,243.0,8.49,1,
2008-02-23,35.2,51.2,0.01,0.34,6.1,47.0,8.49,1,
2008-02-24,47.2,56.9,0.02,0.53,10.0,111.0,8.49,1,
2008-02-25,41.6,62.2,0.08,0.0,2.0,159.0,8.49,1,
2008-02-26,36.6,67.0,0.09,0.0,2.4,355.0,8.49,1,
2008-02-27,38.4,70.3,0.1,0.0,2.3,372.0,8.49,1,
2008-02-28,37.4,73.5,0.1,0.0,2.3,390.0,8.49,1,
2008-02-29,41.7,62.6,0.06,0.0,4.2,280.0,8.49,1,
2008-03-01,40.3,63.0,0.09,0.0,4.6,334.0,0.85,1,
2008-03-02,40.7,69.5,0.14,0.0,3.7,402.0,0.85,1,
2008-03-03,34.6,66.4,0.12,0.0,3.0,411.0,0.85,1,
2008-03-04,33.2,68.9,0.11,0.0,2.9,417.0,0.85,1,
2008-03-05,32.6,72.0,0.14,0.0,3.2,438.0,0.85,1,
2008-03-06,34.1,64.7,0.07,0.0,2.4,279.0,0.85,1,
2008-03-07,36.2,66.7,0.09,0.0,3.2,328.0,0.85,1,
2008-03-08,36.8,68.7,0.12,0.0,3.5,432.0,0.85,1,
2008-03-09,37.0,71.4,0.12,0.0,2.9,417.0,0.85,1,
2008-03-10,41.4,69.7,0.1,0.0,3.0,368.0,0.85,1,
2008-03-11,40.3,66.0,0.08,0.0,2.4,308.0,0.85,1,
2008-03-12,40.1,64.3,0.08,0.0,3.8,317.0,0.85,1,
2008-03-13,49.8,62.5,0.1,0.01,6.9,393.0,0.85,1,
2008-03-14,42.5,59.0,0.08,0.08,5.1,335.0,0.85,1,
2008-03-15,34.8,58.2,0.06,0.02,2.9,283.0,0.85,1,
2008-03-16,36.3,66.0,0.14,0.0,3.7,471.0,0.85,1,
2008-03-17,34.5,69.1,0.13,0.0,3.2,458.0,0.85,1,
2008-03-18,39.4,69.9,0.11,0.0,3.3,404.0,0.85,1,
2008-03-19,32.0,64.3,0.08,0.0,6.4,531.0,0.85,1,
2008-03-20,35.5,61.7,0.12,0.0,5.1,474.0,0.85,1,0.0
2008-03-21,32.5,67.1,0.13,0.0,3.0,477.0,0.85,1,0.0
2008-03-22,34.0,74.8,0.14,0.0,3.3,484.0,0.85,1,0.0
2008-03-23,33.8,72.5,0.14,0.0,2.7,496.0,0.85,1,0.0
2008-03-24,37.5,69.2,0.13,0.0,4.4,473.0,0.85,1,0.0
2008-03-25,40.8,62.6,0.1,0.0,5.2,433.0,0.85,1,0.0
2008-03-26,37.5,62.0,0.12,0.0,4.6,463.0,0.85,1,0.0
2008-03-27,33.0,61.1,0.12,0.0,3.3,456.0,0.85,1,0.0
2008-03-28,38.5,62.7,0.09,0.01,5.1,368.0,0.85,1,0.0
2008-03-29,39.2,60.7,0.08,0.0,3.1,289.0,0.85,1,0.0
2008-03-30,34.5,60.0,0.13,0.0,4.3,512.0,0.85,1,0.0
2008-03-31,29.6,64.4,0.13,0.0,3.0,505.0,0.85,1,0.0
2008-04-01,39.7,66.0,0.12,0.0,3.3,418.0,1.31,1,0.0
2008-04-02,36.9,64.7,0.09,0.0,3.4,300.0,1.31,1,0.0
2008-04-03,35.2,68.3,0.14,0.0,4.0,520.0,1.31,1,0.0
2008-04-04,37.5,61.5,0.11,0.0,6.2,424.0,1.31,1,0.0
2008-04-05,34.2,62.7,0.13,0.0,5.0,487.0,1.31,1,0.0
2008-04-06,38.8,61.6,0.11,0.0,5.8,402.0,1.31,1,0.0
2008-04-07,32.8,64.5,0.14,0.0,4.3,529.0,1.31,1,0.0
2008-04-08,40.0,60.9,0.13,0.0,6.7,479.0,1.31,1,0.0
2008-04-09,33.5,65.7,0.14,0.0,4.3,530.0,1.31,1,0.0
2008-04-10,35.3,74.8,0.16,0.0,3.8,537.0,1.31,1,0.0
2008-04-11,38.6,84.3,0.2,0.0,3.6,551.0,1.31,1,0.0
2008-04-12,41.6,86.3,0.19,0.0,2.9,548.0,1.31,1,0.0
2008-04-13,42.7,84.9,0.2,0.0,3.4,549.0,1.31,1,0.0
2008-04-14,43.1,62.7,0.13,0.0,7.9,481.0,1.31,1,0.0
2008-04-15,32.0,65.0,0.15,0.0,5.6,435.0,1.31,1,0.0
2008-04-16,33.4,76.9,0.19,0.0,3.2,572.0,1.31,1,0.0
2008-04-17,36.4,79.6,0.19,0.0,4.0,565.0,1.31,1,0.0
2008-04-18,38.8,64.6,0.12,0.0,4.3,465.0,1.31,1,0.0
2008-04-19,34.9,60.9,0.15,0.0,6.9,572.0,1.31,1,0.0
2008-04-20,30.5,59.1,0.14,0.0,4.9,570.0,1.31,1,0.0
2008-04-21,31.0,59.8,0.15,0.0,5.5,563.0,1.31,1,0.0
2008-04-22,40.1,59.4,0.08,0.0,5.7,290.0,1.31,1,0.0
2008-04-23,34.2,60.7,0.11,0.0,5.2,420.0,1.31,1,0.0
2008-04-24,31.5,70.3,0.16,0.0,3.5,561.0,1.31,1,0.0
2008-04-25,36.7,75.1,0.18,0.0,3.3,575.0,1.31,1,0.0
2008-04-26,40.9,85.0,0.2,0.0,3.4,580.0,1.31,1,0.0
2008-04-27,47.1,86.1,0.21,0.0,3.9,598.0,1.31,1,0.0
2008-04-28,40.5,80.7,0.19,0.0,4.8,581.0,1.31,1,0.0
2008-04-29,46.1,65.4,0.15,0.0,7.2,515.0,1.31,1,0.0
2008-04-30,33.8,65.3,0.17,0.0,5.3,598.0,1.31,1,0.0
2008-05-01,34.5,74.4,0.19,0.0,4.0,602.0,0.43,1,0.0
2008-05-02,32.0,66.5,0.13,0.0,3.3,271.0,0.43,1,0.0
2008-05-03,37.2,73.4,0.16,0.0,3.6,578.0,0.43,1,0.0
2008-05-04,42.9,63.1,0.13,0.0,6.1,543.0,0.43,1,0.0
2008-05-05,40.3,63.9,0.14,0.0,6.2,585.0,0.43,1,0.0
2008-05-06,49.6,69.6,0.14,0.0,4.6,506.0,0.43,1,0.0
2008-05-07,45.2,71.9,0.17,0.0,6.1,593.0,0.43,1,1.0
2008-05-08,41.0,70.0,0.15,0.0,4.3,545.0,0.43,1,1.0
2008-05-09,36.0,73.8,0.18,0.0,3.8,590.0,0.43,1,1.0
2008-05-10,37.9,73.6,0.17,0.0,4.0,590.0,0.43,1,1.0
2008-05-11,43.5,73.3,0.16,0.0,5.4,560.0,0.43,1,1.0
2008-05-12,32.0,76.5,0.2,0.0,4.6,503.0,0.43,1,1.0
2008-05-13,40.1,86.7,0.23,0.0,3.8,623.0,0.43,1,1.0
2008-05-14,48.1,92.9,0.2,0.0,3.6,572.0,0.43,1,1.0
2008-05-14,48.1,92.9,0.2,0.0,3.6,572.0,0.43,1,1.0
2008-05-16,57.7,95.6,0.25,0.0,3.7,628.0,0.43,1,1.0
2008-05-17,50.9,91.1,0.22,0.0,3.2,632.0,0.43,1,1.0
2008-05-18,47.1,83.1,0.21,0.0,4.8,658.0,0.43,1,1.0
2008-05-19,49.7,76.0,0.16,0.0,5.1,555.0,0.43,1,1.0
2008-05-20,50.5,75.2,0.17,0.0,7.1,537.0,0.43,1,1.0
2008-05-21,42.1,75.4,0.23,0.0,7.0,652.0,0.43,1,1.0
2008-05-22,49.6,79.5,0.24,0.0,5.6,667.0,0.43,1,1.0
2008-05-23,38.7,68.4,0.15,0.0,5.5,520.0,0.43,1,1.0
2008-05-24,47.2,59.1,0.04,0.0,4.8,166.0,0.43,1,1.0
2008-05-25,43.4,68.7,0.16,0.0,4.5,567.0,0.43,1,1.0
2008-05-26,50.4,64.6,0.11,0.0,5.9,381.0,0.43,1,1.0
2008-05-27,44.2,68.8,0.18,0.0,5.2,627.0,0.43,1,1.0
2008-05-28,41.6,68.8,0.15,0.0,5.0,472.0,0.43,1,1.0
2008-05-29,43.0,69.9,0.16,0.0,5.3,578.0,0.43,1,1.0
2008-05-30,43.3,67.8,0.15,0.0,4.9,556.0,0.43,1,1.0
2008-05-31,45.3,67.9,0.14,0.0,6.3,540.0,0.43,1,1.0
2008-06-01,38.4,71.4,0.19,0.0,4.8,656.0,0.03,1,1.0
2008-06-02,39.1,74.5,0.19,0.0,4.5,657.0,0.03,1,1.0
2008-06-03,47.8,75.1,0.19,0.0,6.8,622.0,0.03,1,1.0
2008-06-04,32.0,77.4,0.23,0.0,6.6,530.0,0.03,1,1.0
2008-06-05,41.6,81.0,0.22,0.0,5.0,653.0,0.03,1,1.0
2008-06-06,46.6,76.2,0.22,0.0,5.6,668.0,0.03,1,1.0
2008-06-07,39.1,83.8,0.24,0.0,3.9,678.0,0.03,1,1.0
2008-06-08,43.9,85.0,0.23,0.0,4.3,666.0,0.03,1,1.0
2008-06-09,46.8,94.0,0.26,0.0,4.2,670.0,0.03,1,1.0
2008-06-10,47.4,91.2,0.25,0.0,3.3,694.0,0.03,1,1.0
2008-06-11,53.2,91.9,0.28,0.0,4.3,695.0,0.03,1,1.0
2008-06-12,47.0,92.3,0.28,0.0,4.2,686.0,0.03,1,1.0
2008-06-13,47.5,80.8,0.21,0.0,4.3,633.0,0.03,1,1.0
2008-06-14,46.9,74.2,0.17,0.0,6.2,600.0,0.03,1,1.0
2008-06-15,42.1,71.1,0.16,0.0,5.2,598.0,0.03,1,1.0
2008-06-16,39.3,67.7,0.16,0.0,5.1,636.0,0.03,1,1.0
2008-06-17,39.5,89.2,0.21,0.0,3.8,649.0,0.03,1,1.0
2008-06-18,42.4,92.3,0.27,0.0,4.0,690.0,0.03,1,1.0
2008-06-19,48.2,95.0,0.25,0.0,3.3,612.0,0.03,1,1.0
2008-06-20,50.8,100.8,0.28,0.0,3.2,664.0,0.03,1,1.0
2008-06-21,55.3,97.7,0.31,0.0,4.7,642.0,0.03,1,1.0
2008-06-22,43.0,80.0,0.21,0.0,4.7,662.0,0.03,1,1.0
2008-06-23,39.4,66.2,0.15,0.0,5.7,604.0,0.03,1,1.0
2008-06-24,45.6,75.8,0.18,0.0,5.1,587.0,0.03,1,1.0
2008-06-25,44.7,70.6,0.16,0.0,5.9,547.0,0.03,1,1.0
2008-06-26,47.8,73.3,0.14,0.0,3.4,462.0,0.03,1,1.0
2008-06-27,50.4,75.7,0.15,0.0,4.7,494.0,0.03,1,1.0
2008-06-28,52.2,75.4,0.17,0.0,6.4,579.0,0.03,1,1.0
2008-06-29,51.5,75.4,0.18,0.0,5.3,618.0,0.03,1,1.0
2008-06-30,48.6,79.3,0.2,0.0,6.2,629.0,0.03,1,1.0
2008-06-30,48.6,79.3,0.2,0.0,6.2,629.0,0.02,1,1.0
2008-07-02,47.3,78.2,0.23,0.0,5.3,724.0,0.02,1,1.0
2008-07-03,48.7,82.1,0.24,0.0,6.2,752.0,0.02,1,1.0
2008-07-04,51.3,78.2,0.22,0.0,6.0,718.0,0.02,1,1.0
2008-07-05,49.1,86.7,0.23,0.0,4.2,738.0,0.02,1,1.0
2008-07-06,54.7,83.1,0.21,0.0,4.3,685.0,0.02,1,1.0
2008-07-07,53.9,91.0,0.24,0.0,3.5,696.0,0.02,1,1.0
2008-07-08,55.6,98.0,0.28,0.0,3.9,697.0,0.02,1,2.0
2008-07-09,55.4,94.0,0.25,0.0,3.8,690.0,0.02,1,2.0
2008-07-10,54.7,80.3,0.2,0.0,5.1,642.0,0.02,1,2.0
2008-07-11,51.5,75.3,0.18,0.0,5.3,617.0,0.02,1,2.0
2008-07-12,59.3,81.4,0.19,0.0,4.6,581.0,0.02,1,2.0
2008-07-13,53.2,84.2,0.23,0.0,5.4,719.0,0.02,1,2.0
2008-07-13,53.2,84.2,0.23,0.0,5.4,719.0,0.02,1,2.0
2008-07-15,57.1,77.1,0.18,0.0,7.1,579.0,0.02,1,2.0
2008-07-16,48.9,81.1,0.18,0.0,5.0,624.0,0.02,1,2.0
2008-07-17,44.7,76.3,0.2,0.0,4.6,691.0,0.02,1,2.0
2008-07-18,42.8,77.8,0.19,0.0,4.6,676.0,0.02,1,2.0
2008-07-19,45.4,71.6,0.19,0.0,5.0,690.0,0.02,1,2.0
2008-07-20,44.7,70.8,0.17,0.0,6.1,633.0,0.02,1,2.0
2008-07-21,46.8,72.0,0.17,0.0,5.4,598.0,0.02,1,2.0
2008-07-22,50.8,85.4,0.18,0.0,3.9,589.0,0.02,1,2.0
2008-07-23,46.8,80.9,0.23,0.0,5.3,725.0,0.02,1,2.0
2008-07-24,46.9,76.1,0.2,0.0,5.0,691.0,0.02,1,2.0
2008-07-25,46.9,83.3,0.22,0.0,4.2,665.0,0.02,1,2.0
2008-07-26,48.3,94.0,0.26,0.0,4.5,713.0,0.02,1,2.0
2008-07-27,48.2,77.0,0.18,0.0,5.5,660.0,0.02,1,2.0
2008-07-28,49.8,76.3,0.16,0.0,5.1,592.0,0.02,1,2.0
2008-07-29,48.1,79.8,0.21,0.0,4.9,655.0,0.02,1,2.0
2008-07-30,47.8,78.8,0.2,0.0,5.1,673.0,0.02,1,2.0
2008-07-31,47.7,78.6,0.2,0.0,5.0,682.0,0.02,1,2.0
2008-08-01,43.4,81.3,0.22,0.0,4.5,696.0,0.0,1,2.0
2008-08-02,49.6,92.9,0.25,0.0,4.9,682.0,0.0,1,2.0
2008-08-03,45.4,74.6,0.19,0.0,5.3,672.0,0.0,1,2.0
2008-08-04,47.7,75.9,0.16,0.0,4.1,592.0,0.0,1,2.0
2008-08-05,44.8,74.9,0.14,0.0,4.3,502.0,0.0,1,2.0
2008-08-06,52.2,83.3,0.19,0.0,4.3,634.0,0.0,1,2.0
2008-08-07,53.0,78.9,0.19,0.0,5.5,659.0,0.0,1,2.0
2008-08-08,50.6,74.8,0.17,0.0,5.8,597.0,0.0,1,2.0
2008-08-09,45.6,81.4,0.19,0.0,4.4,628.0,0.0,1,2.0
2008-08-10,47.1,89.0,0.23,0.0,3.9,668.0,0.0,1,2.0
2008-08-11,50.4,86.8,0.22,0.0,4.7,642.0,0.0,1,2.0
2008-08-12,56.1,80.4,0.18,0.0,4.3,586.0,0.0,1,2.0
2008-08-13,53.3,93.3,0.22,0.0,4.0,628.0,0.0,1,2.0
2008-08-14,49.1,80.3,0.19,0.0,4.6,627.0,0.0,1,2.0
2008-08-15,50.0,83.2,0.2,0.0,4.4,629.0,0.0,1,2.0
2008-08-16,54.1,80.1,0.18,0.0,6.2,609.0,0.0,1,2.0
2008-08-17,57.3,74.8,0.17,0.0,6.9,573.0,0.0,1,2.0
2008-08-18,58.6,72.8,0.12,0.0,6.2,382.0,0.0,1,2.0
2008-08-18,58.6,72.8,0.12,0.0,6.2,382.0,0.0,1,2.0
2008-08-20,53.5,85.0,0.2,0.0,5.3,614.0,0.0,1,2.0
2008-08-21,57.6,86.1,0.22,0.0,4.7,630.0,0.0,1,2.0
2008-08-22,53.6,78.0,0.18,0.0,4.9,602.0,0.0,1,2.0
2008-08-23,54.1,79.7,0.16,0.0,4.0,532.0,0.0,1,3.0
2008-08-24,52.7,83.0,0.17,0.0,4.3,564.0,0.0,1,
2008-08-25,47.3,86.9,0.21,0.0,4.7,614.0,0.0,1,
2008-08-26,44.9,90.8,0.23,0.0,3.7,623.0,0.0,1,
2008-08-27,48.3,95.4,0.24,0.0,3.8,615.0,0.0,1,
2008-08-28,51.5,99.8,0.25,0.0,3.6,614.0,0.0,1,
2008-08-29,55.4,93.9,0.23,0.0,4.5,582.0,0.0,1,
2008-08-30,48.0,79.9,0.19,0.0,5.2,611.0,0.0,1,
2008-08-31,41.9,80.6,0.2,0.0,3.9,612.0,0.0,1,
2008-09-01,45.1,91.0,0.25,0.0,3.7,624.0,0.64,1,
2008-09-02,44.8,92.6,0.23,0.0,3.4,601.0,0.64,1,
2008-09-03,32.0,97.0,0.24,0.0,3.5,269.0,0.64,1,
2008-09-04,46.8,99.1,0.24,0.0,3.4,590.0,0.64,1,
2008-09-05,50.2,98.7,0.25,0.0,3.8,586.0,0.64,1,
2008-09-06,51.5,96.3,0.23,0.0,3.7,575.0,0.64,1,
2008-09-07,48.9,82.1,0.19,0.0,4.5,584.0,0.64,1,
2008-09-08,49.8,72.5,0.14,0.0,4.9,513.0,0.64,1,
2008-09-09,57.6,69.6,0.09,0.0,5.2,303.0,0.64,1,
2008-09-10,55.3,80.4,0.16,0.0,5.2,510.0,0.64,1,
2008-09-11,52.9,84.3,0.15,0.0,4.6,486.0,0.64,1,
2008-09-12,52.8,74.1,0.13,0.0,5.3,447.0,0.64,1,
2008-09-13,53.0,72.4,0.13,0.0,5.0,451.0,0.64,1,
2008-09-14,52.5,75.9,0.14,0.0,4.6,483.0,0.64,1,
2008-09-15,50.1,76.9,0.14,0.0,4.5,500.0,0.64,1,
2008-09-16,52.1,76.7,0.12,0.0,4.9,377.0,0.64,1,
2008-09-17,44.5,70.6,0.13,0.0,4.6,447.0,0.64,1,
2008-09-18,36.6,74.0,0.16,0.0,4.1,536.0,0.64,1,
2008-09-19,39.5,74.9,0.13,0.0,4.3,438.0,0.64,1,
2008-09-20,50.4,76.1,0.14,0.0,5.1,457.0,0.64,1,
2008-09-21,44.7,76.6,0.14,0.0,3.8,507.0,0.64,1,
2008-09-22,43.0,84.9,0.18,0.0,3.9,511.0,0.64,1,
2008-09-23,41.8,89.3,0.19,0.0,3.0,519.0,0.64,1,
2008-09-24,42.1,88.3,0.18,0.0,3.1,507.0,0.64,1,
2008-09-25,40.0,87.7,0.19,0.0,3.5,524.0,0.64,1,
2008-09-26,45.3,87.2,0.17,0.0,3.1,492.0,0.64,1,
2008-09-27,45.5,94.9,0.17,0.0,2.8,479.0,0.64,1,
2008-09-28,48.1,77.2,0.14,0.0,4.2,470.0,0.64,1,
2008-09-29,53.6,74.8,0.12,0.0,4.7,383.0,0.64,1,
2008-09-30,44.6,80.0,0.14,0.0,3.2,465.0,0.64,1,
2008-10-01,45.2,86.8,0.15,0.0,3.8,400.0,2.7,1,
2008-10-02,32.0,72.7,0.08,0.0,5.2,281.0,2.7,1,
2008-10-03,56.0,68.9,0.07,0.05,6.5,214.0,2.7,1,
2008-10-04,52.6,73.1,0.11,0.01,5.6,369.0,2.7,1,
2008-10-05,44.5,74.8,0.11,0.0,3.5,366.0,2.7,1,
2008-10-06,46.2,79.5,0.12,0.0,3.2,417.0,2.7,1,
2008-10-07,43.3,86.9,0.14,0.0,3.1,416.0,2.7,1,
2008-10-08,44.7,86.1,0.15,0.0,3.2,447.0,2.7,1,
2008-10-09,39.0,79.1,0.15,0.0,3.0,453.0,2.7,1,
2008-10-10,37.0,70.0,0.14,0.0,3.3,444.0,2.7,1,
2008-10-11,39.2,71.7,0.14,0.0,2.8,442.0,2.7,1,
2008-10-12,36.3,75.3,0.15,0.0,2.8,444.0,2.7,1,
2008-10-13,44.2,83.3,0.18,0.0,3.8,433.0,2.7,1,
2008-10-14,37.2,80.8,0.14,0.0,2.8,419.0,2.7,1,
2008-10-15,39.0,83.2,0.14,0.0,2.8,407.0,2.7,1,
2008-10-16,32.0,86.8,0.14,0.0,2.5,182.0,2.7,1,
2008-10-17,41.6,87.0,0.14,0.0,2.7,380.0,2.7,1,
2008-10-18,43.6,74.1,0.11,0.0,4.3,380.0,2.7,1,
2008-10-19,39.7,68.9,0.1,0.0,3.5,369.0,2.7,1,
2008-10-20,33.3,73.6,0.1,0.0,3.2,378.0,2.7,1,
2008-10-21,37.5,80.3,0.12,0.0,3.0,388.0,2.7,1,
2008-10-22,38.1,87.2,0.16,0.0,3.7,392.0,2.7,1,
2008-10-23,39.3,85.9,0.13,0.0,2.5,381.0,2.7,1,
2008-10-24,38.5,85.9,0.13,0.0,2.6,375.0,2.7,1,
2008-10-25,40.1,86.0,0.13,0.0,2.8,369.0,2.7,1,
2008-10-26,39.7,80.5,0.11,0.0,3.0,365.0,2.7,1,
2008-10-27,38.7,69.3,0.05,0.0,2.4,212.0,2.7,1,
2008-10-28,34.0,72.8,0.09,0.0,2.6,334.0,2.7,1,
2008-10-29,34.9,72.8,0.09,0.0,2.7,349.0,2.7,1,
2008-10-30,40.6,62.0,0.01,0.05,2.5,50.0,2.7,1,
2008-10-31,57.1,66.2,0.02,0.31,2.6,88.0,2.7,1,
2008-11-01,57.6,62.0,0.0,1.89,4.4,29.0,2.34,1,
2008-11-02,48.2,65.8,0.06,0.07,3.9,262.0,2.34,1,
2008-11-03,49.0,59.8,0.02,0.34,5.0,79.0,2.34,1,
2008-11-04,39.1,62.3,0.07,0.0,3.4,278.0,2.34,1,
2008-11-05,36.0,61.6,0.05,0.0,2.2,213.0,2.34,1,
2008-11-06,42.8,67.9,0.08,0.0,2.3,301.0,2.34,1,
2008-11-07,40.8,70.9,0.08,0.0,2.3,302.0,2.34,1,
2008-11-08,43.8,61.8,0.02,0.02,3.3,92.0,2.34,1,
2008-11-09,42.5,67.5,0.08,0.0,3.4,282.0,2.34,1,
2008-11-10,39.6,63.1,0.06,0.0,2.8,246.0,2.34,1,
2008-11-11,45.8,65.6,0.04,0.0,2.5,159.0,2.34,1,
2008-11-12,46.1,68.3,0.05,0.0,2.3,200.0,2.34,1,
2008-11-13,42.8,76.5,0.07,0.0,2.2,261.0,2.34,1,
2008-11-14,48.3,81.7,0.09,0.0,3.0,272.0,2.34,1,
2008-11-15,46.0,77.6,0.09,0.0,2.9,268.0,2.34,1,
2008-11-16,41.5,77.6,0.08,0.0,2.6,255.0,2.34,1,
2008-11-17,42.8,77.7,0.08,0.0,2.5,257.0,2.34,1,
2008-11-18,40.2,72.6,0.07,0.0,2.2,253.0,2.34,1,
2008-11-19,49.0,57.0,0.02,0.0,2.5,80.0,2.34,1,
2008-11-20,40.3,66.6,0.04,0.01,2.2,151.0,2.34,1,
2008-11-21,33.4,64.4,0.07,0.0,2.6,255.0,2.34,1,
2008-11-22,33.3,66.2,0.06,0.0,2.3,253.0,2.34,1,
2008-11-23,32.6,67.9,0.07,0.0,3.1,245.0,2.34,1,
2008-11-24,35.9,61.2,0.03,0.0,1.8,143.0,2.34,1,
2008-11-25,43.9,59.5,0.01,0.0,1.7,61.0,2.34,1,
2008-11-26,32.0,54.6,0.0,0.01,1.4,3.0,2.34,1,
2008-11-27,48.0,56.3,0.01,0.0,2.8,76.0,2.34,1,
2008-11-28,41.0,58.8,0.02,0.0,1.8,102.0,2.34,1,
2008-11-29,41.1,64.2,0.05,0.0,2.6,191.0,2.34,1,
2008-11-30,35.2,63.5,0.05,0.0,3.4,229.0,2.34,1,
2008-12-01,36.2,56.1,0.02,0.0,2.8,113.0,1.63,1,
2008-12-02,41.0,61.8,0.05,0.0,2.7,236.0,1.63,1,
2008-12-03,40.5,58.7,0.04,0.0,2.7,187.0,1.63,1,
2008-12-04,34.2,57.6,0.04,0.0,2.2,224.0,1.63,1,
2008-12-05,34.6,59.2,0.05,0.0,3.6,217.0,1.63,1,
2008-12-06,30.8,56.2,0.04,0.01,2.5,196.0,1.63,1,
2008-12-07,35.7,50.6,0.02,0.0,2.3,91.0,1.63,1,
2008-12-08,32.8,53.1,0.03,0.0,3.1,154.0,1.63,1,
2008-12-09,29.8,56.2,0.05,0.0,3.6,222.0,1.63,1,
2008-12-10,29.4,64.0,0.05,0.0,2.2,218.0,1.63,1,
2008-12-11,30.4,60.5,0.05,0.0,2.1,205.0,1.63,1,
2008-12-12,31.2,57.4,0.03,0.01,3.4,172.0,1.63,1,
2008-12-13,28.5,54.1,0.04,0.0,3.3,180.0,1.63,1,
2008-12-14,25.7,50.1,0.01,0.22,2.9,64.0,1.63,1,
2008-12-15,29.6,51.5,0.03,0.19,2.9,145.0,1.63,1,
2008-12-16,29.9,44.9,0.01,0.03,2.9,71.0,1.63,1,
2008-12-17,25.0,54.0,0.05,0.0,2.8,227.0,1.63,1,
2008-12-18,23.1,50.5,0.02,0.21,3.2,129.0,1.63,1,
2008-12-19,29.4,58.2,0.04,0.08,2.7,170.0,1.63,1,
2008-12-20,26.2,52.1,0.04,0.0,2.1,208.0,1.63,1,
2008-12-21,40.4,46.5,0.0,0.24,2.7,32.0,1.63,1,
2008-12-22,32.3,54.2,0.04,0.07,3.3,186.0,1.63,1,
2008-12-23,31.5,50.6,0.03,0.01,2.5,146.0,1.63,1,
2008-12-24,44.6,51.5,0.0,0.34,5.9,43.0,1.63,1,
2008-12-25,35.3,52.4,0.04,0.22,5.5,191.0,1.63,1,
2008-12-26,26.6,52.0,0.05,0.0,2.4,228.0,1.63,1,
2008-12-27,30.0,52.6,0.03,0.0,1.9,130.0,1.63,1,
2008-12-28,42.2,56.9,0.03,0.0,1.8,116.0,1.63,1,
2008-12-29,37.7,60.6,0.04,0.0,2.4,184.0,1.63,1,
2008-12-30,32.0,49.5,0.01,0.0,2.2,112.0,1.63,1,
2008-12-31,39.8,50.3,0.01,0.0,2.7,90.0,1.63,1,
2009-01-01,42.6,45.2,0.01,0.01,3.3,65.0,0.56,1,
2009-01-02,34.1,56.4,0.02,0.19,4.2,89.0,0.56,1,
2009-01-03,27.0,55.8,0.05,0.0,2.5,227.0,0.56,1,
2009-01-04,23.1,51.5,0.04,0.0,2.1,215.0,0.56,1,
2009-01-05,36.4,46.3,0.01,0.02,2.5,61.0,0.56,1,
2009-01-06,36.9,54.8,0.03,0.0,2.4,149.0,0.56,1,
2009-01-07,35.3,50.6,0.03,0.0,3.5,183.0,0.56,1,
2009-01-08,37.8,52.2,0.02,0.0,2.4,128.0,0.56,1,
2009-01-09,32.7,60.7,0.06,0.0,3.2,249.0,0.56,1,
2009-01-10,29.0,62.0,0.06,0.0,2.5,248.0,0.56,1,
2009-01-11,28.8,66.7,0.06,0.0,2.3,245.0,0.56,1,
2009-01-12,41.1,82.7,0.08,0.0,3.1,239.0,0.56,1,
2009-01-12,41.1,82.7,0.08,0.0,3.1,239.0,0.56,1,
2009-01-14,30.7,66.4,0.07,0.0,2.4,274.0,0.56,1,
2009-01-15,29.6,68.9,0.07,0.0,2.5,282.0,0.56,1,
2009-01-16,32.3,69.7,0.08,0.0,2.8,281.0,0.56,1,
2009-01-17,31.7,68.5,0.07,0.0,2.3,276.0,0.56,1,
2009-01-18,29.8,70.5,0.08,0.0,3.1,285.0,0.56,1,
2009-01-19,31.5,69.9,0.09,0.0,3.5,288.0,0.56,1,
2009-01-20,30.9,70.9,0.07,0.0,2.7,283.0,0.56,1,
2009-01-21,40.7,56.1,0.01,0.07,2.0,67.0,0.56,1,
2009-01-22,46.2,55.1,0.01,0.3,1.8,68.0,0.56,1,
2009-01-23,50.4,57.8,0.01,0.14,1.8,77.0,0.56,1,
2009-01-24,41.0,57.2,0.02,0.01,5.1,109.0,0.56,1,
2009-01-25,32.4,58.4,0.06,0.0,3.9,278.0,0.56,1,
2009-01-26,29.0,59.3,0.06,0.0,2.4,293.0,0.56,1,
2009-01-27,31.2,56.2,0.08,0.0,3.2,308.0,0.56,1,
2009-01-28,28.4,61.2,0.07,0.0,2.6,307.0,0.56,1,
2009-01-29,32.5,63.8,0.08,0.0,3.0,314.0,0.56,1,
2009-01-30,32.0,64.6,0.07,0.0,2.9,393.0,0.56,1,
2009-01-31,29.7,66.4,0.07,0.0,2.6,310.0,0.56,1,
2009-02-01,28.7,68.7,0.09,0.0,2.9,326.0,8.49,1,
2009-02-02,30.4,67.0,0.09,0.0,3.6,319.0,8.49,1,
2009-02-03,31.6,69.0,0.09,0.0,3.3,324.0,8.49,1,
2009-02-04,32.2,65.5,0.06,0.0,2.4,231.0,8.49,1,
2009-02-05,44.8,58.2,0.03,0.13,3.3,141.0,8.49,1,
2009-02-06,43.6,55.3,0.02,0.4,3.1,115.0,8.49,1,
2009-02-07,35.4,63.8,0.07,0.01,3.1,290.0,8.49,1,
2009-02-08,36.0,56.0,0.03,0.07,5.0,107.0,8.49,1,
2009-02-09,32.0,55.8,0.07,0.0,3.7,336.0,8.49,1,
2009-02-10,26.6,54.6,0.07,0.09,4.7,296.0,8.49,1,
2009-02-11,38.3,50.8,0.02,0.37,3.2,109.0,8.49,1,
2009-02-12,31.5,53.6,0.06,0.0,3.0,321.0,8.49,1,
2009-02-13,34.0,51.6,0.03,0.72,4.4,188.0,8.49,1,
2009-02-14,33.6,55.0,0.05,0.05,4.8,217.0,8.49,1,
2009-02-15,45.4,51.9,0.01,1.49,6.8,42.0,8.49,1,
2009-02-16,46.3,54.7,0.03,0.67,6.5,147.0,8.49,1,
2009-02-17,44.3,53.5,0.02,1.0,5.6,111.0,8.49,1,
2009-02-18,39.7,57.2,0.06,0.0,4.2,291.0,8.49,1,
2009-02-19,33.8,62.8,0.08,0.0,3.3,351.0,8.49,1,
2009-02-20,39.8,65.4,0.08,0.0,2.2,320.0,8.49,1,
2009-02-21,38.9,62.0,0.05,0.0,2.9,221.0,8.49,1,
2009-02-22,53.6,56.7,0.0,1.52,5.3,33.0,8.49,1,
2009-02-23,51.2,60.2,0.01,0.41,6.3,84.0,8.49,1,
2009-02-24,32.0,60.9,0.07,0.0,3.3,263.0,8.49,1,
2009-02-25,41.2,60.7,0.07,0.09,5.0,296.0,8.49,1,
2009-02-26,42.1,62.7,0.08,0.06,4.9,326.0,8.49,1,
2009-02-27,33.4,59.0,0.08,0.0,2.2,375.0,8.49,1,
2009-02-28,43.2,62.6,0.07,0.0,4.4,218.0,8.49,1,
2009-03-01,52.1,57.9,0.0,0.49,4.7,48.0,0.85,1,
2009-03-02,50.1,58.8,0.03,0.35,9.0,135.0,0.85,1,
2009-03-03,42.9,57.1,0.04,0.55,7.0,171.0,0.85,1,
2009-03-04,34.8,56.7,0.08,0.11,3.5,374.0,0.85,1,
2009-03-05,42.0,57.2,0.05,0.41,2.5,232.0,0.85,1,
2009-03-06,36.2,58.9,0.08,0.0,3.1,367.0,0.85,1,
2009-03-07,33.4,62.6,0.1,0.0,3.2,429.0,0.85,1,
2009-03-08,35.9,61.5,0.09,0.0,4.0,388.0,0.85,1,
2009-03-09,32.8,57.5,0.11,0.0,3.9,455.0,0.85,1,
2009-03-10,28.9,59.6,0.1,0.0,3.1,454.0,0.85,1,
2009-03-11,30.7,62.3,0.11,0.0,2.6,449.0,0.85,1,
2009-03-12,32.1,66.3,0.11,0.0,3.5,454.0,0.85,1,
2009-03-13,36.8,63.8,0.08,0.0,4.4,361.0,0.85,1,
2009-03-14,41.9,56.1,0.09,0.0,6.1,394.0,0.85,1,
2009-03-15,48.8,59.2,0.05,0.01,5.6,201.0,0.85,1,
2009-03-16,53.9,62.3,0.04,0.05,6.0,209.0,0.85,1,
2009-03-17,45.4,66.9,0.1,0.0,3.1,388.0,0.85,1,
2009-03-18,44.3,73.8,0.1,0.0,2.3,392.0,0.85,1,
2009-03-19,43.5,74.0,0.13,0.0,2.3,461.0,0.85,1,
2009-03-20,41.8,68.1,0.11,0.0,2.6,468.0,0.85,1,
2009-03-21,41.6,57.8,0.04,0.0,6.3,173.0,0.85,1,
2009-03-22,34.2,58.2,0.12,0.01,6.0,498.0,0.85,1,
2009-03-23,31.3,60.7,0.13,0.0,3.8,494.0,0.85,1,
2009-03-24,34.1,69.3,0.13,0.0,2.9,489.0,0.85,1,
2009-03-25,37.0,70.8,0.12,0.0,3.6,441.0,0.85,1,
2009-03-26,41.1,73.7,0.14,0.0,3.2,479.0,0.85,1,
2009-03-27,45.4,82.0,0.16,0.0,2.8,498.0,0.85,1,
2009-03-28,44.4,74.9,0.15,0.0,3.6,498.0,0.85,1,
2009-03-29,40.4,68.0,0.16,0.0,3.5,527.0,0.85,1,
2009-03-30,41.5,70.0,0.17,0.0,3.5,528.0,0.85,1,
2009-03-31,35.9,74.2,0.15,0.0,3.8,503.0,0.85,1,
2009-04-01,40.0,72.8,0.16,0.0,4.6,518.0,1.31,1,
2009-04-02,41.9,68.5,0.14,0.0,6.6,531.0,1.31,1,
2009-04-03,34.3,62.4,0.15,0.0,5.1,537.0,1.31,1,
2009-04-04,32.4,66.8,0.16,0.0,3.5,548.0,1.31,1,0.0
2009-04-05,32.5,74.6,0.17,0.0,3.6,540.0,1.31,1,0.0
2009-04-06,36.2,79.4,0.17,0.0,3.4,488.0,1.31,1,0.0
2009-04-07,40.7,58.1,0.04,0.15,3.4,159.0,1.31,1,0.0
2009-04-08,45.9,58.8,0.05,0.02,3.4,235.0,1.31,1,0.0
2009-04-09,46.3,55.3,0.03,0.04,4.3,170.0,1.31,1,0.0
2009-04-10,32.0,61.9,0.09,0.21,4.1,495.0,1.31,1,0.0
2009-04-11,35.3,64.9,0.14,0.0,4.3,545.0,1.31,1,0.0
2009-04-12,40.5,70.5,0.14,0.0,3.7,540.0,1.31,1,0.0
2009-04-13,41.1,69.6,0.14,0.0,4.1,484.0,1.31,1,0.0
2009-04-14,37.9,62.6,0.17,0.0,5.9,580.0,1.31,1,0.0
2009-04-15,32.0,63.0,0.15,0.0,5.5,578.0,1.31,1,0.0
2009-04-16,33.4,67.3,0.15,0.0,4.0,564.0,1.31,1,0.0
2009-04-17,34.8,75.1,0.16,0.0,3.4,564.0,1.31,1,0.0
2009-04-18,39.7,80.2,0.16,0.0,3.2,532.0,1.31,1,0.0
2009-04-19,44.6,87.7,0.2,0.0,2.8,572.0,1.31,1,0.0
2009-04-20,48.7,92.0,0.21,0.0,2.7,583.0,1.31,1,0.0
2009-04-21,48.7,91.5,0.21,0.0,2.6,577.0,1.31,1,0.0
2009-04-22,48.6,76.0,0.17,0.0,4.9,580.0,1.31,1,0.0
2009-04-23,44.3,67.5,0.12,0.0,5.8,422.0,1.31,1,0.0
2009-04-24,39.5,61.9,0.15,0.0,6.1,595.0,1.31,1,0.0
2009-04-25,35.1,65.1,0.15,0.0,3.8,583.0,1.31,1,0.0
2009-04-26,34.9,66.5,0.15,0.0,3.5,582.0,1.31,1,0.0
2009-04-27,43.5,62.6,0.12,0.0,6.0,469.0,1.31,1,0.0
2009-04-28,38.2,61.4,0.15,0.0,6.2,587.0,1.31,1,0.0
2009-04-29,34.0,63.4,0.15,0.0,4.9,587.0,1.31,1,0.0
2009-04-30,35.4,66.3,0.13,0.0,3.5,455.0,1.31,1,0.0
2009-05-01,43.0,60.0,0.04,0.52,3.5,167.0,0.43,1,0.0
2009-05-02,53.0,60.9,0.02,0.13,4.7,127.0,0.43,1,0.0
2009-05-03,44.9,64.9,0.09,0.0,5.5,359.0,0.43,1,0.0
2009-05-04,47.5,65.8,0.06,0.08,5.7,223.0,0.43,1,0.0
2009-05-05,54.3,68.8,0.1,0.06,6.0,398.0,0.43,1,0.0
2009-05-06,47.8,68.8,0.08,0.0,4.3,323.0,0.43,1,0.0
2009-05-07,45.4,76.1,0.19,0.0,3.4,625.0,0.43,1,0.0
2009-05-08,43.9,79.0,0.2,0.0,3.1,627.0,0.43,1,0.0
2009-05-09,40.7,78.4,0.19,0.0,3.1,614.0,0.43,1,0.0
2009-05-10,43.0,79.7,0.2,0.0,3.9,621.0,0.43,1,0.0
2009-05-11,44.9,74.4,0.19,0.0,4.7,629.0,0.43,1,0.0
2009-05-12,40.3,75.0,0.19,0.0,3.9,632.0,0.43,1,0.0
2009-05-13,41.4,78.7,0.21,0.0,4.1,608.0,0.43,1,0.0
2009-05-14,46.7,76.4,0.19,0.0,5.1,612.0,0.43,1,0.0
2009-05-15,47.4,79.4,0.18,0.0,4.0,619.0,0.43,1,0.0
2009-05-16,47.9,94.3,0.23,0.0,2.5,630.0,0.43,1,0.0
2009-05-17,51.2,94.6,0.24,0.0,2.9,634.0,0.43,1,0.0
2009-05-18,46.6,70.9,0.16,0.0,5.9,599.0,0.43,1,0.0
2009-05-19,43.2,75.6,0.18,0.0,4.6,594.0,0.43,1,0.0
2009-05-20,37.2,70.0,0.18,0.0,4.2,645.0,0.43,1,0.0
2009-05-21,42.7,74.1,0.18,0.0,4.0,640.0,0.43,1,1.0
2009-05-22,42.2,68.7,0.14,0.0,4.5,552.0,0.43,1,1.0
2009-05-23,44.4,61.8,0.08,0.0,4.7,379.0,0.43,1,1.0
2009-05-24,46.1,62.5,0.11,0.0,5.0,473.0,0.43,1,1.0
2009-05-25,46.5,69.9,0.14,0.0,4.2,541.0,0.43,1,1.0
2009-05-26,41.5,78.7,0.19,0.0,3.9,631.0,0.43,1,1.0
2009-05-27,47.5,73.8,0.17,0.0,4.1,629.0,0.43,1,1.0
2009-05-28,44.1,72.8,0.16,0.0,4.7,620.0,0.43,1,1.0
2009-05-29,51.3,74.3,0.16,0.0,6.2,555.0,0.43,1,1.0
2009-05-30,53.0,69.5,0.13,0.0,6.8,489.0,0.43,1,1.0
2009-05-31,52.2,68.6,0.14,0.0,6.7,534.0,0.43,1,1.0
2009-06-01,50.5,69.6,0.13,0.0,6.4,485.0,0.03,1,1.0
2009-06-02,50.3,75.9,0.18,0.0,5.1,590.0,0.03,1,1.0
2009-06-03,52.7,75.9,0.18,0.01,5.2,579.0,0.03,1,1.0
2009-06-04,51.2,71.9,0.14,0.0,5.0,463.0,0.03,1,1.0
2009-06-05,43.6,69.1,0.11,0.17,4.1,371.0,0.03,1,1.0
2009-06-06,43.7,72.4,0.18,0.0,4.8,602.0,0.03,1,1.0
2009-06-07,45.2,75.6,0.19,0.0,5.3,644.0,0.03,1,1.0
2009-06-08,46.6,72.1,0.19,0.01,6.0,655.0,0.03,1,1.0
2009-06-09,54.6,70.1,0.15,0.0,6.9,510.0,0.03,1,1.0
2009-06-10,56.5,71.6,0.14,0.0,5.4,437.0,0.03,1,1.0
2009-06-11,44.0,73.9,0.17,0.0,4.8,568.0,0.03,1,1.0
2009-06-12,43.3,73.0,0.15,0.0,5.4,496.0,0.03,1,1.0
2009-06-13,45.5,70.7,0.16,0.0,5.4,539.0,0.03,1,1.0
2009-06-14,46.9,73.7,0.19,0.0,5.4,623.0,0.03,1,1.0
2009-06-15,53.7,75.3,0.16,0.0,5.4,525.0,0.03,1,1.0
2009-06-16,47.6,74.6,0.15,0.0,4.6,515.0,0.03,1,1.0
2009-06-17,50.8,74.6,0.18,0.0,6.0,615.0,0.03,1,1.0
2009-06-18,54.7,89.0,0.22,0.0,4.4,628.0,0.03,1,1.0
2009-06-19,48.9,83.5,0.22,0.0,4.7,614.0,0.03,1,1.0
2009-06-20,46.0,75.0,0.18,0.0,5.9,590.0,0.03,1,1.0
2009-06-21,43.3,77.7,0.21,0.0,4.3,659.0,0.03,1,1.0
2009-06-22,44.6,86.4,0.24,0.0,4.1,666.0,0.03,1,1.0
2009-06-23,47.7,83.7,0.22,0.0,4.2,650.0,0.03,1,1.0
2009-06-24,47.6,79.0,0.19,0.0,5.2,654.0,0.03,1,1.0
2009-06-25,32.0,68.8,0.15,0.0,6.6,271.0,0.03,1,1.0
2009-06-26,46.8,78.3,0.17,0.0,4.0,584.0,0.03,1,1.0
2009-06-27,49.3,99.8,0.26,0.0,3.6,650.0,0.03,1,1.0
2009-06-28,56.1,92.6,0.25,0.0,3.8,648.0,0.03,1,1.0
2009-06-29,48.3,77.7,0.2,0.0,5.3,664.0,0.03,1,1.0
2009-06-30,48.3,75.4,0.18,0.0,4.7,658.0,0.03,1,1.0
2009-07-01,50.5,78.5,0.2,0.0,5.7,645.0,0.02,1,1.0
2009-07-02,54.0,80.2,0.19,0.0,5.8,627.0,0.02,1,1.0
2009-07-03,52.4,81.4,0.18,0.0,5.4,619.0,0.02,1,1.0
2009-07-04,53.3,76.8,0.16,0.0,6.1,524.0,0.02,1,1.0
2009-07-05,52.8,69.8,0.13,0.0,7.3,495.0,0.02,1,1.0
2009-07-06,44.9,80.0,0.21,0.0,4.6,673.0,0.02,1,1.0
2009-07-07,38.8,74.2,0.18,0.0,5.0,662.0,0.02,1,1.0
2009-07-08,43.0,84.3,0.23,0.0,4.0,657.0,0.02,1,1.0
2009-07-09,40.9,78.2,0.2,0.0,4.4,654.0,0.02,1,1.0
2009-07-10,42.0,77.3,0.19,0.0,4.3,622.0,0.02,1,1.0
2009-07-11,45.5,79.0,0.19,0.0,4.5,609.0,0.02,1,1.0
2009-07-12,45.3,84.4,0.22,0.0,4.4,653.0,0.02,1,1.0
2009-07-13,44.9,95.2,0.24,0.0,3.1,661.0,0.02,1,1.0
2009-07-14,50.1,94.5,0.26,0.0,4.0,648.0,0.02,1,1.0
2009-07-15,46.1,79.3,0.2,0.0,4.4,646.0,0.02,1,1.0
2009-07-16,42.9,81.2,0.19,0.0,3.7,653.0,0.02,1,1.0
2009-07-17,42.3,86.6,0.21,0.0,3.7,636.0,0.02,1,1.0
2009-07-18,46.8,85.5,0.2,0.0,4.3,621.0,0.02,1,1.0
2009-07-19,51.5,87.0,0.21,0.0,3.6,625.0,0.02,1,1.0
2009-07-20,46.5,79.5,0.19,0.0,4.6,632.0,0.02,1,1.0
2009-07-21,49.5,77.3,0.18,0.0,5.0,621.0,0.02,1,1.0
2009-07-22,43.5,73.4,0.17,0.0,4.4,608.0,0.02,1,1.0
2009-07-23,47.1,70.4,0.14,0.0,5.1,543.0,0.02,1,1.0
2009-07-24,53.7,72.9,0.15,0.0,5.2,540.0,0.02,1,1.0
2009-07-25,47.7,74.6,0.15,0.0,3.9,546.0,0.02,1,1.0
2009-07-26,47.9,80.5,0.17,0.0,3.6,569.0,0.02,1,1.0
2009-07-27,43.2,78.9,0.17,0.0,3.9,571.0,0.02,1,1.0
2009-07-28,48.8,78.2,0.17,0.0,5.6,565.0,0.02,1,1.0
2009-07-29,57.4,78.0,0.15,0.0,6.5,503.0,0.02,1,1.0
2009-07-30,55.4,76.4,0.16,0.0,7.0,526.0,0.02,1,1.0
2009-07-31,52.9,78.4,0.18,0.0,5.9,572.0,0.02,1,1.0
2009-08-01,51.6,79.9,0.17,0.0,5.8,575.0,0.0,1,1.0
2009-08-02,54.6,77.2,0.18,0.0,6.8,582.0,0.0,1,2.0
2009-08-03,55.4,78.9,0.18,0.0,6.1,571.0,0.0,1,2.0
2009-08-04,53.6,82.3,0.2,0.0,5.1,592.0,0.0,1,2.0
2009-08-05,54.9,78.9,0.19,0.0,5.5,589.0,0.0,1,2.0
2009-08-06,51.2,72.1,0.14,0.0,5.2,441.0,0.0,1,2.0
2009-08-07,46.1,77.0,0.18,0.0,4.1,585.0,0.0,1,2.0
2009-08-08,48.4,86.2,0.2,0.0,3.9,583.0,0.0,1,2.0
2009-08-09,49.5,93.0,0.22,0.0,3.4,582.0,0.0,1,2.0
2009-08-10,51.6,92.4,0.23,0.0,4.5,580.0,0.0,1,2.0
2009-08-11,49.4,72.8,0.13,0.0,4.0,474.0,0.0,1,2.0
2009-08-12,49.7,95.2,0.2,0.0,3.5,549.0,0.0,1,2.0
2009-08-13,52.7,89.3,0.22,0.0,4.4,588.0,0.0,1,2.0
2009-08-14,47.2,79.8,0.21,0.0,5.6,597.0,0.0,1,2.0
2009-08-15,48.7,88.6,0.2,0.0,4.0,580.0,0.0,1,2.0
2009-08-16,48.8,84.4,0.19,0.0,3.9,573.0,0.0,1,2.0
2009-08-17,45.4,74.4,0.15,0.0,4.3,515.0,0.0,1,2.0
2009-08-18,51.2,75.5,0.15,0.0,4.2,515.0,0.0,1,2.0
2009-08-19,54.8,78.2,0.15,0.0,6.0,488.0,0.0,1,2.0
2009-08-20,54.0,77.6,0.13,0.0,5.2,429.0,0.0,1,2.0
2009-08-21,53.0,89.5,0.17,0.0,2.8,491.0,0.0,1,2.0
2009-08-22,48.5,72.8,0.15,0.0,5.1,543.0,0.0,1,2.0
2009-08-23,43.5,74.4,0.12,0.0,4.5,416.0,0.0,1,2.0
2009-08-24,43.7,71.4,0.13,0.0,3.5,472.0,0.0,1,2.0
2009-08-25,45.6,76.5,0.14,0.0,3.3,482.0,0.0,1,2.0
2009-08-26,44.9,78.7,0.15,0.0,3.5,501.0,0.0,1,2.0
2009-08-27,40.9,95.2,0.2,0.0,2.7,557.0,0.0,1,2.0
2009-08-28,51.9,98.5,0.17,0.0,2.1,437.0,0.0,1,2.0
2009-08-29,53.3,101.2,0.23,0.0,3.3,531.0,0.0,1,2.0
2009-08-30,49.9,77.2,0.15,0.0,4.9,539.0,0.0,1,2.0
2009-08-31,54.3,76.8,0.13,0.0,5.1,439.0,0.0,1,2.0
2009-09-01,52.0,88.9,0.16,0.0,3.2,492.0,0.64,1,2.0
2009-09-02,51.9,96.3,0.17,0.0,2.8,433.0,0.64,1,2.0
2009-09-03,48.8,95.8,0.2,0.0,3.3,521.0,0.64,1,2.0
2009-09-04,41.5,78.3,0.16,0.0,3.7,535.0,0.64,1,3.0
2009-09-05,45.2,80.8,0.16,0.0,4.5,496.0,0.64,1,
2009-09-06,51.1,80.7,0.18,0.0,3.9,514.0,0.64,1,
2009-09-07,46.0,83.4,0.17,0.0,3.2,508.0,0.64,1,
2009-09-08,43.0,79.5,0.16,0.0,3.3,502.0,0.64,1,
2009-09-09,42.3,79.6,0.14,0.0,3.3,460.0,0.64,1,
2009-09-10,44.2,92.7,0.17,0.0,2.7,476.0,0.64,1,
2009-09-11,46.1,95.9,0.17,0.0,3.1,459.0,0.64,1,
2009-09-12,58.1,72.3,0.09,0.0,5.4,324.0,0.64,1,
2009-09-13,58.8,70.7,0.06,0.0,5.3,173.0,0.64,1,
2009-09-14,53.3,77.0,0.13,0.0,4.1,420.0,0.64,1,
2009-09-15,47.5,83.6,0.16,0.0,3.5,472.0,0.64,1,
2009-09-16,46.0,84.8,0.15,0.0,3.4,474.0,0.64,1,
2009-09-17,32.0,89.4,0.14,0.0,3.4,508.0,0.64,1,
2009-09-18,53.2,95.2,0.18,0.0,3.0,466.0,0.64,1,
2009-09-19,49.9,74.3,0.13,0.0,3.9,430.0,0.64,1,
2009-09-20,52.3,84.9,0.15,0.0,2.8,430.0,0.64,1,
2009-09-21,48.9,86.0,0.15,0.0,2.7,453.0,0.64,1,
2009-09-22,47.9,93.0,0.16,0.0,2.5,450.0,0.64,1,
2009-09-23,46.0,79.3,0.14,0.0,3.2,442.0,0.64,1,
2009-09-24,43.0,74.0,0.12,0.0,3.1,427.0,0.64,1,
2009-09-25,43.8,87.5,0.13,0.0,2.2,409.0,0.64,1,
2009-09-26,48.3,96.5,0.16,0.0,2.3,427.0,0.64,1,
2009-09-27,50.0,93.8,0.16,0.0,3.1,414.0,0.64,1,
2009-09-28,45.4,75.2,0.11,0.0,4.0,392.0,0.64,1,
2009-09-29,48.2,73.1,0.13,0.0,5.3,381.0,0.64,1,
2009-09-30,37.0,76.7,0.13,0.0,2.9,432.0,0.64,1,
2009-10-01,40.9,80.3,0.13,0.0,3.1,421.0,2.7,1,
2009-10-02,39.3,83.6,0.14,0.0,3.2,417.0,2.7,1,
2009-10-03,40.0,72.6,0.13,0.0,4.9,410.0,2.7,1,
2009-10-04,33.6,66.1,0.12,0.0,4.0,407.0,2.7,1,
2009-10-05,33.4,73.0,0.11,0.0,3.0,383.0,2.7,1,
2009-10-06,34.9,76.7,0.12,0.0,3.1,394.0,2.7,1,
2009-10-07,36.7,72.4,0.12,0.0,3.8,396.0,2.7,1,
2009-10-08,42.4,66.3,0.08,0.0,3.3,319.0,2.7,1,
2009-10-09,39.6,68.7,0.09,0.0,3.4,353.0,2.7,1,
2009-10-10,46.9,68.1,0.08,0.0,3.8,304.0,2.7,1,
2009-10-11,50.8,57.7,0.02,0.0,3.3,76.0,2.7,1,
2009-10-12,32.0,63.3,0.04,0.0,4.0,116.0,2.7,1,
2009-10-13,56.5,62.1,0.0,3.07,7.0,23.0,2.7,1,
2009-10-14,60.0,72.4,0.07,0.0,4.9,258.0,2.7,1,
2009-10-15,57.5,74.3,0.05,0.18,1.5,165.0,2.7,1,
2009-10-16,54.8,81.2,0.1,0.15,2.2,327.0,2.7,1,
2009-10-17,53.8,82.6,0.09,0.0,2.4,299.0,2.7,1,
2009-10-18,52.1,68.3,0.06,0.0,4.0,228.0,2.7,1,
2009-10-19,51.5,64.1,0.03,0.48,3.4,150.0,2.7,1,
2009-10-20,45.1,71.8,0.08,0.24,2.7,317.0,2.7,1,
2009-10-21,49.7,72.4,0.07,0.0,2.0,272.0,2.7,1,
2009-10-22,48.0,76.5,0.08,0.12,2.1,292.0,2.7,1,
2009-10-23,46.4,77.6,0.09,0.13,2.3,334.0,2.7,1,
2009-10-24,46.0,77.2,0.09,0.0,2.4,336.0,2.7,1,
2009-10-25,44.7,87.8,0.1,0.0,1.9,331.0,2.7,1,
2009-10-26,46.3,78.0,0.1,0.0,3.8,330.0,2.7,1,
2009-10-27,32.0,68.6,0.1,0.0,3.1,371.0,2.7,1,
2009-10-28,36.1,66.3,0.1,0.0,2.6,337.0,2.7,1,
2009-10-29,34.8,71.7,0.1,0.1,2.6,321.0,2.7,1,
2009-10-30,40.4,73.0,0.09,0.08,2.7,313.0,2.7,1,
2009-10-31,40.3,70.9,0.08,0.01,2.3,281.0,2.7,1,
2009-11-01,41.4,74.8,0.09,0.01,2.3,306.0,2.34,1,
2009-11-02,42.1,76.4,0.09,0.0,2.3,309.0,2.34,1,
2009-11-03,38.9,77.5,0.1,0.0,2.8,305.0,2.34,1,
2009-11-04,42.4,66.2,0.05,0.0,2.6,180.0,2.34,1,
2009-11-05,47.0,65.0,0.05,0.0,3.9,133.0,2.34,1,
2009-11-06,46.1,62.7,0.01,0.0,3.0,76.0,2.34,1,
2009-11-07,36.4,68.2,0.08,0.0,2.2,296.0,2.34,1,
2009-11-08,31.7,65.8,0.07,0.0,2.3,283.0,2.34,1,
2009-11-09,32.8,63.5,0.06,0.0,2.1,221.0,2.34,1,
2009-11-10,42.9,63.1,0.05,0.05,1.9,178.0,2.34,1,
2009-11-11,47.1,65.4,0.03,0.02,2.5,222.0,2.34,1,
2009-11-12,35.5,64.8,0.07,0.59,2.7,269.0,2.34,1,
2009-11-13,31.6,63.3,0.06,0.02,2.3,256.0,2.34,1,
2009-11-14,33.3,62.8,0.07,0.04,2.7,269.0,2.34,1,
2009-11-15,29.1,63.8,0.07,0.0,2.4,271.0,2.34,1,
2009-11-16,29.6,64.8,0.07,0.0,2.3,268.0,2.34,1,
2009-11-17,28.5,63.5,0.06,0.14,3.3,252.0,2.34,1,
2009-11-18,31.3,64.0,0.06,0.01,2.2,268.0,2.34,1,
2009-11-19,28.1,61.3,0.06,0.0,2.1,259.0,2.34,1,
2009-11-20,31.9,58.2,0.03,0.02,4.5,105.0,2.34,1,
2009-11-21,30.3,59.8,0.06,0.0,2.3,257.0,2.34,1,
2009-11-22,34.2,60.9,0.03,0.01,2.5,115.0,2.34,1,
2009-11-23,30.6,64.7,0.06,0.16,2.6,251.0,2.34,1,
2009-11-24,32.3,66.3,0.06,0.15,2.2,243.0,2.34,1,
2009-11-25,32.5,68.7,0.06,0.0,2.2,235.0,2.34,1,
2009-11-26,33.5,66.2,0.05,0.15,2.2,207.0,2.34,1,
2009-11-27,46.1,63.5,0.04,0.06,3.9,152.0,2.34,1,
2009-11-28,42.8,69.4,0.12,0.0,4.8,249.0,2.34,1,
2009-11-29,37.2,75.0,0.11,0.01,3.7,248.0,2.34,1,
2009-11-30,30.6,62.9,0.06,0.0,2.8,232.0,2.34,1,
2009-12-01,30.5,64.0,0.05,0.16,2.1,223.0,1.63,1,
2009-12-02,30.2,53.9,0.03,0.0,2.0,142.0,1.63,1,
2009-12-03,28.5,55.3,0.03,0.17,2.0,140.0,1.63,1,
2009-12-04,29.3,57.9,0.04,0.02,1.9,217.0,1.63,1,
2009-12-05,28.7,55.2,0.03,0.0,2.6,198.0,1.63,1,
2009-12-06,24.3,52.0,0.04,0.1,3.1,140.0,1.63,1,
2009-12-07,25.4,50.1,0.05,0.18,2.2,252.0,1.63,1,
2009-12-08,19.2,46.3,0.03,0.0,2.0,158.0,1.63,1,
2009-12-09,19.4,47.2,0.04,0.0,2.9,203.0,1.63,1,
2009-12-10,34.9,49.8,0.04,0.01,4.0,97.0,1.63,1,
2009-12-11,42.5,46.4,0.0,0.27,3.9,41.0,1.63,1,
2009-12-12,45.6,54.0,0.0,0.53,3.6,37.0,1.63,1,
2009-12-13,48.6,53.6,0.01,0.23,2.8,78.0,1.63,1,
2009-12-14,42.0,57.8,0.04,0.0,1.9,176.0,1.63,1,
2009-12-15,44.9,57.6,0.02,0.09,1.9,80.0,1.63,1,
2009-12-16,43.7,56.5,0.01,0.15,2.3,63.0,1.63,1,
2009-12-17,44.4,60.8,0.03,0.03,2.0,138.0,1.63,1,
2009-12-18,40.6,59.4,0.04,0.02,2.7,182.0,1.63,1,
2009-12-19,42.8,54.8,0.03,0.0,4.6,158.0,1.63,1,
2009-12-20,43.1,56.8,0.03,0.06,2.8,130.0,1.63,1,
2009-12-21,44.3,59.3,0.02,0.09,3.8,93.0,1.63,1,
2009-12-22,32.2,57.1,0.05,0.0,3.1,208.0,1.63,1,
2009-12-23,29.3,58.8,0.05,0.0,2.6,204.0,1.63,1,
2009-12-24,27.7,59.4,0.04,0.0,2.2,197.0,1.63,1,
2009-12-25,27.2,59.0,0.05,0.14,2.8,199.0,1.63,1,
2009-12-26,31.6,52.2,0.01,0.18,3.0,69.0,1.63,1,
2009-12-27,37.7,56.8,0.04,0.02,2.9,161.0,1.63,1,
2009-12-28,35.5,51.7,0.02,0.11,1.9,93.0,1.63,1,
2009-12-29,30.0,51.1,0.02,0.27,2.3,137.0,1.63,1,
2009-12-30,43.6,57.2,0.03,0.0,2.2,141.0,1.63,1,
2009-12-31,46.0,56.1,0.03,0.01,3.1,115.0,1.63,1,
